product_name,Launch Date,Total Cores,Max Turbo Frequency,Processor Base Frequency,Cache,TDP,category,product_family,product_line,vertical_segment,processor_number,maximum_memory_channels,maximum_memory_size,memory_type,maximum_memory_speed,ECC_memory_supported,product_specification,compliance_description,specification_code,ordering_code,url,store
Intel® Xeon® 6780E Processor,Q2'24,144,3 GHz,2.2 GHz,108 MB,330 W,processor,Intel® Xeon® 6 processors,Products formerly Sierra Forest,Server,6780E,8,4 TB,DDR5-6400,6400 MHz,Yes,"{""Product Collection"": [""Intel® Xeon® 6 processors""], ""Code Name"": [""Products formerly Sierra Forest""], ""Vertical Segment"": [""Server""], ""Processor Number"": [""6780E""], ""Lithography"": [""Intel 3""], ""Recommended Customer Price"": [""$9535.00""], ""Total Cores"": [""144""], ""Total Threads"": [""144""], ""Max Turbo Frequency"": [""3 GHz""], ""All Core Turbo Frequency"": [""3 GHz""], ""Processor Base Frequency"": [""2.2 GHz""], ""Cache"": [""108 MB""], ""Intel® UPI Speed"": [""24 GT/s""], ""Max # of UPI Links"": [""4""], ""TDP"": [""330 W""], ""Marketing Status"": [""Launched""], ""Launch Date"": [""Q2'24""], ""Embedded Options Available"": [""Yes""], ""Max Memory Size (dependent on memory type)"": [""4 TB""], ""Memory Types"": [""DDR5-6400""], ""Maximum Memory Speed"": [""6400 MHz""], ""Max # of Memory Channels"": [""8""], ""ECC Memory Supported ‡"": [""Yes""], ""Scalability"": [""2S""], ""PCI Express Revision"": [""5.0""], ""Max # of PCI Express Lanes"": [""88""], ""Sockets Supported"": [""FCLGA4710""], ""Package Carrier"": [""E2B""], ""DTS Max"": [""106 °C""], ""TCASE"": [""85""], ""Package Size"": [""77.5mm x 56.5mm""], ""Intel® QuickAssist Technology (QAT)"": [""2 default devices""], ""Intel® Dynamic Load Balancer (DLB)"": [""2 default devices""], ""Intel® Data Streaming Accelerator (DSA)"": [""2 default devices""], ""Intel® In-memory Analytics Accelerator (IAA)"": [""2 default devices""], ""Intel® Speed Select Technology – Core Power"": [""Yes""], ""Intel® Speed Select Technology – Turbo Frequency"": [""Yes""], ""Intel® Deep Learning Boost (Intel® DL Boost) on CPU"": [""Yes""], ""Intel® Speed Select Technology - Performance Profile"": [""Yes""], ""Intel® Speed Select Technology - Base Frequency"": [""Yes""], ""Intel® Resource Director Technology (Intel® RDT)"": [""Yes""], ""Intel® 64 ‡"": [""Yes""], ""Instruction Set Extensions"": [""Intel® AVX2""], ""Intel® Volume Management Device (VMD)"": [""Yes""], ""Intel® Trust Domain Extensions (Intel® TDX)"": [""Yes""], ""Intel® Crypto Acceleration"": [""Yes""], ""Intel® QuickAssist Software Acceleration"": [""Yes""], ""Intel® Platform Firmware Resilience Support"": [""Yes""], ""Intel® Control-Flow Enforcement Technology"": [""Yes""], ""Intel® Total Memory Encryption - Multi Key"": [""Yes""], ""Intel® Total Memory Encryption"": [""Yes""], ""Intel® AES New Instructions"": [""Yes""], ""Intel® Software Guard Extensions (Intel® SGX)"": [""Yes""], ""Default Maximum Enclave Page Cache (EPC) Size for Intel® SGX"": [""512 GB""], ""Intel® OS Guard"": [""Yes""], ""Intel® Trusted Execution Technology ‡"": [""Yes""], ""Execute Disable Bit ‡"": [""Yes""], ""Intel® Boot Guard"": [""Yes""], ""Mode-based Execute Control (MBEC)"": [""Yes""], ""Intel® Virtualization Technology (VT-x) ‡"": [""Yes""], ""Intel® Virtualization Technology for Directed I/O (VT-d) ‡"": [""Yes""]}","Intel® Xeon® 6780E processor (108M Cache, 2.20 GHz) FC-LGA18N, Tray",SRPG3,PK8077105931400,https://www.intel.com/content/www/us/en/products/sku/240362/intel-xeon-6780e-processor-108m-cache-2-20-ghz/specifications.html,Intel
Intel® Xeon® 6766E Processor,Q2'24,144,2.7 GHz,1.9 GHz,108 MB,250 W,processor,Intel® Xeon® 6 processors,Products formerly Sierra Forest,Server,6766E,8,4 TB,DDR5-6400,6400 MHz,Yes,"{""Product Collection"": [""Intel® Xeon® 6 processors""], ""Code Name"": [""Products formerly Sierra Forest""], ""Vertical Segment"": [""Server""], ""Processor Number"": [""6766E""], ""Lithography"": [""Intel 3""], ""Recommended Customer Price"": [""$8615.00""], ""Total Cores"": [""144""], ""Total Threads"": [""144""], ""Max Turbo Frequency"": [""2.7 GHz""], ""All Core Turbo Frequency"": [""2.7 GHz""], ""Processor Base Frequency"": [""1.9 GHz""], ""Cache"": [""108 MB""], ""Intel® UPI Speed"": [""24 GT/s""], ""Max # of UPI Links"": [""4""], ""TDP"": [""250 W""], ""Marketing Status"": [""Launched""], ""Launch Date"": [""Q2'24""], ""Embedded Options Available"": [""Yes""], ""Max Memory Size (dependent on memory type)"": [""4 TB""], ""Memory Types"": [""DDR5-6400""], ""Maximum Memory Speed"": [""6400 MHz""], ""Max # of Memory Channels"": [""8""], ""ECC Memory Supported ‡"": [""Yes""], ""Scalability"": [""2S""], ""PCI Express Revision"": [""5.0""], ""Max # of PCI Express Lanes"": [""88""], ""Sockets Supported"": [""FCLGA4710""], ""Package Carrier"": [""E2B""], ""DTS Max"": [""101 °C""], ""TCASE"": [""84""], ""Package Size"": [""77.5mm x 56.5mm""], ""Intel® QuickAssist Technology (QAT)"": [""2 default devices""], ""Intel® Dynamic Load Balancer (DLB)"": [""2 default devices""], ""Intel® Data Streaming Accelerator (DSA)"": [""2 default devices""], ""Intel® In-memory Analytics Accelerator (IAA)"": [""2 default devices""], ""Intel® Speed Select Technology – Core Power"": [""No""], ""Intel® Speed Select Technology – Turbo Frequency"": [""No""], ""Intel® Deep Learning Boost (Intel® DL Boost) on CPU"": [""Yes""], ""Intel® Speed Select Technology - Performance Profile"": [""No""], ""Intel® Speed Select Technology - Base Frequency"": [""No""], ""Intel® Resource Director Technology (Intel® RDT)"": [""Yes""], ""Intel® 64 ‡"": [""Yes""], ""Instruction Set Extensions"": [""Intel® AVX2""], ""Intel® Volume Management Device (VMD)"": [""Yes""], ""Intel® Trust Domain Extensions (Intel® TDX)"": [""Yes""], ""Intel® Crypto Acceleration"": [""Yes""], ""Intel® QuickAssist Software Acceleration"": [""Yes""], ""Intel® Platform Firmware Resilience Support"": [""Yes""], ""Intel® Control-Flow Enforcement Technology"": [""Yes""], ""Intel® Total Memory Encryption - Multi Key"": [""Yes""], ""Intel® Total Memory Encryption"": [""Yes""], ""Intel® AES New Instructions"": [""Yes""], ""Intel® Software Guard Extensions (Intel® SGX)"": [""Yes""], ""Default Maximum Enclave Page Cache (EPC) Size for Intel® SGX"": [""512 GB""], ""Intel® OS Guard"": [""Yes""], ""Intel® Trusted Execution Technology ‡"": [""Yes""], ""Execute Disable Bit ‡"": [""Yes""], ""Intel® Boot Guard"": [""Yes""], ""Mode-based Execute Control (MBEC)"": [""Yes""], ""Intel® Virtualization Technology (VT-x) ‡"": [""Yes""], ""Intel® Virtualization Technology for Directed I/O (VT-d) ‡"": [""Yes""]}","Intel® Xeon® 6766E processor (108M Cache, 1.90 GHz) FC-LGA18N, Tray",SRPFW,PK8077105930900,https://www.intel.com/content/www/us/en/products/sku/240365/intel-xeon-6766e-processor-108m-cache-1-90-ghz/specifications.html,Intel
Intel® Xeon® 6756E Processor,Q2'24,128,2.6 GHz,1.8 GHz,96 MB,225 W,processor,Intel® Xeon® 6 processors,Products formerly Sierra Forest,Server,6756E,8,4 TB,DDR5-6400,6400 MHz,Yes,"{""Product Collection"": [""Intel® Xeon® 6 processors""], ""Code Name"": [""Products formerly Sierra Forest""], ""Vertical Segment"": [""Server""], ""Processor Number"": [""6756E""], ""Lithography"": [""Intel 3""], ""Recommended Customer Price"": [""$7078.00""], ""Total Cores"": [""128""], ""Total Threads"": [""128""], ""Max Turbo Frequency"": [""2.6 GHz""], ""All Core Turbo Frequency"": [""2.6 GHz""], ""Processor Base Frequency"": [""1.8 GHz""], ""Cache"": [""96 MB""], ""Intel® UPI Speed"": [""24 GT/s""], ""Max # of UPI Links"": [""4""], ""TDP"": [""225 W""], ""Marketing Status"": [""Launched""], ""Launch Date"": [""Q2'24""], ""Embedded Options Available"": [""Yes""], ""Max Memory Size (dependent on memory type)"": [""4 TB""], ""Memory Types"": [""DDR5-6400""], ""Maximum Memory Speed"": [""6400 MHz""], ""Max # of Memory Channels"": [""8""], ""ECC Memory Supported ‡"": [""Yes""], ""Scalability"": [""2S""], ""PCI Express Revision"": [""5.0""], ""Max # of PCI Express Lanes"": [""88""], ""Sockets Supported"": [""FCLGA4710""], ""Package Carrier"": [""E2B""], ""DTS Max"": [""96 °C""], ""TCASE"": [""80""], ""Package Size"": [""77.5mm x 56.5mm""], ""Intel® QuickAssist Technology (QAT)"": [""2 default devices""], ""Intel® Dynamic Load Balancer (DLB)"": [""2 default devices""], ""Intel® Data Streaming Accelerator (DSA)"": [""2 default devices""], ""Intel® In-memory Analytics Accelerator (IAA)"": [""2 default devices""], ""Intel® Speed Select Technology – Core Power"": [""No""], ""Intel® Speed Select Technology – Turbo Frequency"": [""No""], ""Intel® Deep Learning Boost (Intel® DL Boost) on CPU"": [""Yes""], ""Intel® Speed Select Technology - Performance Profile"": [""No""], ""Intel® Speed Select Technology - Base Frequency"": [""No""], ""Intel® Resource Director Technology (Intel® RDT)"": [""Yes""], ""Intel® 64 ‡"": [""Yes""], ""Instruction Set Extensions"": [""Intel® AVX2""], ""Intel® Volume Management Device (VMD)"": [""Yes""], ""Intel® Trust Domain Extensions (Intel® TDX)"": [""Yes""], ""Intel® Crypto Acceleration"": [""Yes""], ""Intel® QuickAssist Software Acceleration"": [""Yes""], ""Intel® Platform Firmware Resilience Support"": [""Yes""], ""Intel® Control-Flow Enforcement Technology"": [""Yes""], ""Intel® Total Memory Encryption - Multi Key"": [""Yes""], ""Intel® Total Memory Encryption"": [""Yes""], ""Intel® AES New Instructions"": [""Yes""], ""Intel® Software Guard Extensions (Intel® SGX)"": [""Yes""], ""Default Maximum Enclave Page Cache (EPC) Size for Intel® SGX"": [""512 GB""], ""Intel® OS Guard"": [""Yes""], ""Intel® Trusted Execution Technology ‡"": [""Yes""], ""Execute Disable Bit ‡"": [""Yes""], ""Intel® Boot Guard"": [""Yes""], ""Mode-based Execute Control (MBEC)"": [""Yes""], ""Intel® Virtualization Technology (VT-x) ‡"": [""Yes""], ""Intel® Virtualization Technology for Directed I/O (VT-d) ‡"": [""Yes""]}","Intel® Xeon® 6756E processor (96M Cache, 1.80 GHz) FC-LGA18N, Tray",SRPFX,PK8077105931000,https://www.intel.com/content/www/us/en/products/sku/240361/intel-xeon-6756e-processor-96m-cache-1-80-ghz/specifications.html,Intel
Intel® Xeon® 6746E Processor,Q2'24,112,2.7 GHz,2 GHz,96 MB,250 W,processor,Intel® Xeon® 6 processors,Products formerly Sierra Forest,Server,6746E,8,4 TB,DDR5-6400,5600 MHz,Yes,"{""Product Collection"": [""Intel® Xeon® 6 processors""], ""Code Name"": [""Products formerly Sierra Forest""], ""Vertical Segment"": [""Server""], ""Processor Number"": [""6746E""], ""Lithography"": [""Intel 3""], ""Recommended Customer Price"": [""$4981.00""], ""Total Cores"": [""112""], ""Total Threads"": [""112""], ""Max Turbo Frequency"": [""2.7 GHz""], ""All Core Turbo Frequency"": [""2.7 GHz""], ""Processor Base Frequency"": [""2 GHz""], ""Cache"": [""96 MB""], ""Intel® UPI Speed"": [""16 GT/s""], ""Max # of UPI Links"": [""4""], ""TDP"": [""250 W""], ""Marketing Status"": [""Launched""], ""Launch Date"": [""Q2'24""], ""Max Memory Size (dependent on memory type)"": [""4 TB""], ""Memory Types"": [""DDR5-6400""], ""Maximum Memory Speed"": [""5600 MHz""], ""Max # of Memory Channels"": [""8""], ""ECC Memory Supported ‡"": [""Yes""], ""Scalability"": [""2S""], ""PCI Express Revision"": [""5.0""], ""Max # of PCI Express Lanes"": [""88""], ""Sockets Supported"": [""FCLGA4710""], ""Package Carrier"": [""E2B""], ""DTS Max"": [""102 °C""], ""TCASE"": [""84""], ""Package Size"": [""77.5mm x 56.5mm""], ""Intel® QuickAssist Technology (QAT)"": [""2 default devices""], ""Intel® Dynamic Load Balancer (DLB)"": [""2 default devices""], ""Intel® Data Streaming Accelerator (DSA)"": [""2 default devices""], ""Intel® In-memory Analytics Accelerator (IAA)"": [""2 default devices""], ""Intel® Speed Select Technology – Core Power"": [""No""], ""Intel® Speed Select Technology – Turbo Frequency"": [""No""], ""Intel® Speed Select Technology - Performance Profile"": [""No""], ""Intel® Speed Select Technology - Base Frequency"": [""No""], ""Intel® Resource Director Technology (Intel® RDT)"": [""Yes""], ""Intel® 64 ‡"": [""Yes""], ""Instruction Set Extensions"": [""Intel® AVX2""], ""Intel® Volume Management Device (VMD)"": [""Yes""], ""Intel® Trust Domain Extensions (Intel® TDX)"": [""Yes""], ""Intel® Crypto Acceleration"": [""Yes""], ""Intel® QuickAssist Software Acceleration"": [""Yes""], ""Intel® Platform Firmware Resilience Support"": [""Yes""], ""Intel® Control-Flow Enforcement Technology"": [""Yes""], ""Intel® Total Memory Encryption - Multi Key"": [""Yes""], ""Intel® Total Memory Encryption"": [""Yes""], ""Intel® AES New Instructions"": [""Yes""], ""Intel® Software Guard Extensions (Intel® SGX)"": [""Yes""], ""Default Maximum Enclave Page Cache (EPC) Size for Intel® SGX"": [""512 GB""], ""Intel® OS Guard"": [""Yes""], ""Intel® Trusted Execution Technology ‡"": [""Yes""], ""Execute Disable Bit ‡"": [""Yes""], ""Intel® Boot Guard"": [""Yes""], ""Mode-based Execute Control (MBEC)"": [""Yes""], ""Intel® Virtualization Technology (VT-x) ‡"": [""Yes""], ""Intel® Virtualization Technology for Directed I/O (VT-d) ‡"": [""Yes""]}","Intel® Xeon® 6746E processor (96M Cache, 2.00 GHz) FC-LGA18N, Tray",SRPFZ,PK8077105931200,https://www.intel.com/content/www/us/en/products/sku/240369/intel-xeon-6746e-processor-96m-cache-2-00-ghz/specifications.html,Intel
Intel® Xeon® 6740E Processor,Q2'24,96,3.2 GHz,2.4 GHz,96 MB,250 W,processor,Intel® Xeon® 6 processors,Products formerly Sierra Forest,Server,6740E,8,4 TB,DDR5-6400,6400 MHz,Yes,"{""Product Collection"": [""Intel® Xeon® 6 processors""], ""Code Name"": [""Products formerly Sierra Forest""], ""Vertical Segment"": [""Server""], ""Processor Number"": [""6740E""], ""Lithography"": [""Intel 3""], ""Recommended Customer Price"": [""$4423.00""], ""Total Cores"": [""96""], ""Total Threads"": [""96""], ""Max Turbo Frequency"": [""3.2 GHz""], ""All Core Turbo Frequency"": [""3.2 GHz""], ""Processor Base Frequency"": [""2.4 GHz""], ""Cache"": [""96 MB""], ""Intel® UPI Speed"": [""20 GT/s""], ""Max # of UPI Links"": [""4""], ""TDP"": [""250 W""], ""Marketing Status"": [""Launched""], ""Launch Date"": [""Q2'24""], ""Embedded Options Available"": [""Yes""], ""Max Memory Size (dependent on memory type)"": [""4 TB""], ""Memory Types"": [""DDR5-6400""], ""Maximum Memory Speed"": [""6400 MHz""], ""Max # of Memory Channels"": [""8""], ""ECC Memory Supported ‡"": [""Yes""], ""Scalability"": [""2S""], ""PCI Express Revision"": [""5.0""], ""Max # of PCI Express Lanes"": [""88""], ""Sockets Supported"": [""FCLGA4710""], ""Package Carrier"": [""E2B""], ""DTS Max"": [""106 °C""], ""TCASE"": [""84""], ""Package Size"": [""77.5mm x 56.5mm""], ""Intel® QuickAssist Technology (QAT)"": [""4 default devices""], ""Intel® Dynamic Load Balancer (DLB)"": [""4 default devices""], ""Intel® Data Streaming Accelerator (DSA)"": [""2 default devices""], ""Intel® In-memory Analytics Accelerator (IAA)"": [""2 default devices""], ""Intel® Speed Select Technology – Core Power"": [""Yes""], ""Intel® Speed Select Technology – Turbo Frequency"": [""Yes""], ""Intel® Deep Learning Boost (Intel® DL Boost) on CPU"": [""Yes""], ""Intel® Speed Select Technology - Performance Profile"": [""Yes""], ""Intel® Speed Select Technology - Base Frequency"": [""Yes""], ""Intel® Resource Director Technology (Intel® RDT)"": [""Yes""], ""Intel® 64 ‡"": [""Yes""], ""Instruction Set Extensions"": [""Intel® AVX2""], ""Intel® Volume Management Device (VMD)"": [""Yes""], ""Intel® Trust Domain Extensions (Intel® TDX)"": [""Yes""], ""Intel® Crypto Acceleration"": [""Yes""], ""Intel® QuickAssist Software Acceleration"": [""Yes""], ""Intel® Platform Firmware Resilience Support"": [""Yes""], ""Intel® Control-Flow Enforcement Technology"": [""Yes""], ""Intel® Total Memory Encryption - Multi Key"": [""Yes""], ""Intel® Total Memory Encryption"": [""Yes""], ""Intel® AES New Instructions"": [""Yes""], ""Intel® Software Guard Extensions (Intel® SGX)"": [""Yes""], ""Default Maximum Enclave Page Cache (EPC) Size for Intel® SGX"": [""512 GB""], ""Intel® OS Guard"": [""Yes""], ""Intel® Trusted Execution Technology ‡"": [""Yes""], ""Execute Disable Bit ‡"": [""Yes""], ""Intel® Boot Guard"": [""Yes""], ""Mode-based Execute Control (MBEC)"": [""Yes""], ""Intel® Virtualization Technology (VT-x) ‡"": [""Yes""], ""Intel® Virtualization Technology for Directed I/O (VT-d) ‡"": [""Yes""]}","Intel® Xeon® 6740E processor (96M Cache, 2.40 GHz) FC-LGA18N, Tray","SRPFV, Q4VV","PK8077105930800, PK8077105859801",https://www.intel.com/content/www/us/en/products/sku/240359/intel-xeon-6740e-processor-96m-cache-2-40-ghz/specifications.html,Intel
Intel® Xeon® 6731E Processor,Q2'24,96,3.1 GHz,2.2 GHz,96 MB,250 W,processor,Intel® Xeon® 6 processors,Products formerly Sierra Forest,Server,6731E,8,4 TB,DDR5-6400,5600 MHz,Yes,"{""Product Collection"": [""Intel® Xeon® 6 processors""], ""Code Name"": [""Products formerly Sierra Forest""], ""Vertical Segment"": [""Server""], ""Processor Number"": [""6731E""], ""Lithography"": [""Intel 3""], ""Recommended Customer Price"": [""$3693.00""], ""Total Cores"": [""96""], ""Total Threads"": [""96""], ""Max Turbo Frequency"": [""3.1 GHz""], ""All Core Turbo Frequency"": [""3.1 GHz""], ""Processor Base Frequency"": [""2.2 GHz""], ""Cache"": [""96 MB""], ""Intel® UPI Speed"": [""0 GT/s""], ""Max # of UPI Links"": [""0""], ""TDP"": [""250 W""], ""Marketing Status"": [""Launched""], ""Launch Date"": [""Q2'24""], ""Max Memory Size (dependent on memory type)"": [""4 TB""], ""Memory Types"": [""DDR5-6400""], ""Maximum Memory Speed"": [""5600 MHz""], ""Max # of Memory Channels"": [""8""], ""ECC Memory Supported ‡"": [""Yes""], ""Scalability"": [""1S Only""], ""PCI Express Revision"": [""5.0""], ""Max # of PCI Express Lanes"": [""88""], ""Sockets Supported"": [""FCLGA4710""], ""Package Carrier"": [""E2B""], ""DTS Max"": [""106 °C""], ""TCASE"": [""84""], ""Package Size"": [""77.5mm x 56.5mm""], ""Intel® QuickAssist Technology (QAT)"": [""2 default devices""], ""Intel® Dynamic Load Balancer (DLB)"": [""2 default devices""], ""Intel® Data Streaming Accelerator (DSA)"": [""2 default devices""], ""Intel® In-memory Analytics Accelerator (IAA)"": [""2 default devices""], ""Intel® Speed Select Technology – Core Power"": [""No""], ""Intel® Speed Select Technology – Turbo Frequency"": [""No""], ""Intel® Speed Select Technology - Performance Profile"": [""No""], ""Intel® Speed Select Technology - Base Frequency"": [""No""], ""Intel® Resource Director Technology (Intel® RDT)"": [""Yes""], ""Intel® 64 ‡"": [""Yes""], ""Instruction Set Extensions"": [""Intel® AVX2""], ""Intel® Volume Management Device (VMD)"": [""Yes""], ""Intel® Trust Domain Extensions (Intel® TDX)"": [""Yes""], ""Intel® Crypto Acceleration"": [""Yes""], ""Intel® QuickAssist Software Acceleration"": [""Yes""], ""Intel® Platform Firmware Resilience Support"": [""Yes""], ""Intel® Control-Flow Enforcement Technology"": [""Yes""], ""Intel® Total Memory Encryption - Multi Key"": [""Yes""], ""Intel® Total Memory Encryption"": [""Yes""], ""Intel® AES New Instructions"": [""Yes""], ""Intel® Software Guard Extensions (Intel® SGX)"": [""Yes""], ""Default Maximum Enclave Page Cache (EPC) Size for Intel® SGX"": [""512 GB""], ""Intel® OS Guard"": [""Yes""], ""Intel® Trusted Execution Technology ‡"": [""Yes""], ""Execute Disable Bit ‡"": [""Yes""], ""Intel® Boot Guard"": [""Yes""], ""Mode-based Execute Control (MBEC)"": [""Yes""], ""Intel® Virtualization Technology (VT-x) ‡"": [""Yes""], ""Intel® Virtualization Technology for Directed I/O (VT-d) ‡"": [""Yes""]}","Intel® Xeon® 6731E processor (96M Cache, 2.20 GHz) FC-LGA18N, Tray","SRPFY, Q4VZ","PK8077105931100, PK8077105860201",https://www.intel.com/content/www/us/en/products/sku/240366/intel-xeon-6731e-processor-96m-cache-2-20-ghz/specifications.html,Intel
Intel® Xeon® 6710E Processor,Q2'24,64,3.2 GHz,2.4 GHz,96 MB,205 W,processor,Intel® Xeon® 6 processors,Products formerly Sierra Forest,Server,6710E,8,4 TB,DDR5-6400,5600 MHz,Yes,"{""Product Collection"": [""Intel® Xeon® 6 processors""], ""Code Name"": [""Products formerly Sierra Forest""], ""Vertical Segment"": [""Server""], ""Processor Number"": [""6710E""], ""Lithography"": [""Intel 3""], ""Recommended Customer Price"": [""$2463.00""], ""Total Cores"": [""64""], ""Total Threads"": [""64""], ""Max Turbo Frequency"": [""3.2 GHz""], ""All Core Turbo Frequency"": [""3.2 GHz""], ""Processor Base Frequency"": [""2.4 GHz""], ""Cache"": [""96 MB""], ""Intel® UPI Speed"": [""16 GT/s""], ""Max # of UPI Links"": [""4""], ""TDP"": [""205 W""], ""Marketing Status"": [""Launched""], ""Launch Date"": [""Q2'24""], ""Embedded Options Available"": [""Yes""], ""Max Memory Size (dependent on memory type)"": [""4 TB""], ""Memory Types"": [""DDR5-6400""], ""Maximum Memory Speed"": [""5600 MHz""], ""Max # of Memory Channels"": [""8""], ""ECC Memory Supported ‡"": [""Yes""], ""Scalability"": [""2S""], ""PCI Express Revision"": [""5.0""], ""Max # of PCI Express Lanes"": [""88""], ""Sockets Supported"": [""FCLGA4710""], ""Package Carrier"": [""E2B""], ""DTS Max"": [""106 °C""], ""TCASE"": [""85""], ""Package Size"": [""77.5mm x 56.5mm""], ""Intel® QuickAssist Technology (QAT)"": [""4 default devices""], ""Intel® Dynamic Load Balancer (DLB)"": [""4 default devices""], ""Intel® Data Streaming Accelerator (DSA)"": [""2 default devices""], ""Intel® In-memory Analytics Accelerator (IAA)"": [""2 default devices""], ""Intel® Speed Select Technology – Core Power"": [""Yes""], ""Intel® Speed Select Technology – Turbo Frequency"": [""Yes""], ""Intel® Deep Learning Boost (Intel® DL Boost) on CPU"": [""Yes""], ""Intel® Speed Select Technology - Performance Profile"": [""Yes""], ""Intel® Speed Select Technology - Base Frequency"": [""Yes""], ""Intel® Resource Director Technology (Intel® RDT)"": [""Yes""], ""Intel® 64 ‡"": [""Yes""], ""Instruction Set Extensions"": [""Intel® AVX2""], ""Intel® Volume Management Device (VMD)"": [""Yes""], ""Intel® Trust Domain Extensions (Intel® TDX)"": [""Yes""], ""Intel® Crypto Acceleration"": [""Yes""], ""Intel® QuickAssist Software Acceleration"": [""Yes""], ""Intel® Platform Firmware Resilience Support"": [""Yes""], ""Intel® Control-Flow Enforcement Technology"": [""Yes""], ""Intel® Total Memory Encryption - Multi Key"": [""Yes""], ""Intel® Total Memory Encryption"": [""Yes""], ""Intel® AES New Instructions"": [""Yes""], ""Intel® Software Guard Extensions (Intel® SGX)"": [""Yes""], ""Default Maximum Enclave Page Cache (EPC) Size for Intel® SGX"": [""512 GB""], ""Intel® OS Guard"": [""Yes""], ""Intel® Trusted Execution Technology ‡"": [""Yes""], ""Execute Disable Bit ‡"": [""Yes""], ""Intel® Boot Guard"": [""Yes""], ""Mode-based Execute Control (MBEC)"": [""Yes""], ""Intel® Virtualization Technology (VT-x) ‡"": [""Yes""], ""Intel® Virtualization Technology for Directed I/O (VT-d) ‡"": [""Yes""]}","Intel® Xeon® 6710E processor (96M Cache, 2.40 GHz) FC-LGA18N, Tray","SRPG2, Q4W3","PK8077105931300, PK8077105860401",https://www.intel.com/content/www/us/en/products/sku/240363/intel-xeon-6710e-processor-96m-cache-2-40-ghz/specifications.html,Intel
Intel® Xeon® 6980P Processor,Q3'24,128,3.9 GHz,2 GHz,504 MB,500 W,processor,Intel® Xeon® 6 processors,Products formerly Granite Rapids,Server,6980P,12,3 TB,DDR5(6400MT/s)MRDIMM(8800MT/s),8800 MHz,Yes,"{""Product Collection"": [""Intel® Xeon® 6 processors""], ""Code Name"": [""Products formerly Granite Rapids""], ""Vertical Segment"": [""Server""], ""Processor Number"": [""6980P""], ""Lithography"": [""Intel 3""], ""Recommended Customer Price"": [""$13955.00""], ""Total Cores"": [""128""], ""Total Threads"": [""256""], ""Max Turbo Frequency"": [""3.9 GHz""], ""All Core Turbo Frequency"": [""3.2 GHz""], ""Processor Base Frequency"": [""2 GHz""], ""Cache"": [""504 MB""], ""Intel® UPI Speed"": [""24 GT/s""], ""Max # of UPI Links"": [""6""], ""TDP"": [""500 W""], ""Marketing Status"": [""Launched""], ""Launch Date"": [""Q3'24""], ""Embedded Options Available"": [""No""], ""Max Memory Size (dependent on memory type)"": [""3 TB""], ""Memory Types"": [""DDR5(6400MT/s)MRDIMM(8800MT/s)""], ""Maximum Memory Speed"": [""8800 MHz""], ""Max # of Memory Channels"": [""12""], ""ECC Memory Supported ‡"": [""Yes""], ""Scalability"": [""2S""], ""PCI Express Revision"": [""5.0""], ""Max # of PCI Express Lanes"": [""96""], ""Sockets Supported"": [""FCLGA7529""], ""Package Carrier"": [""BR1A""], ""DTS Max"": [""95 °C""], ""TCASE"": [""80 °C""], ""Package Size"": [""104.5mm x 70.5mm""], ""Intel® QuickAssist Technology (QAT)"": [""4 default devices""], ""Intel® Dynamic Load Balancer (DLB)"": [""4 default devices""], ""Intel® Data Streaming Accelerator (DSA)"": [""4 default devices""], ""Intel® In-memory Analytics Accelerator (IAA)"": [""4 default devices""], ""Intel® Advanced Matrix Extensions (AMX)"": [""Yes""], ""Intel® Speed Select Technology – Core Power"": [""Yes""], ""Intel® Speed Select Technology – Turbo Frequency"": [""Yes""], ""Intel® Deep Learning Boost (Intel® DL Boost) on CPU"": [""Yes""], ""Intel® Speed Select Technology - Performance Profile"": [""No""], ""Intel® Speed Select Technology - Base Frequency"": [""Yes""], ""High Priority Cores"": [""48""], ""High Priority Core Frequency"": [""2.2 GHz""], ""Low Priority Cores"": [""80""], ""Low Priority Core Frequency"": [""1.8 GHz""], ""Intel® Resource Director Technology (Intel® RDT)"": [""Yes""], ""Intel® Speed Shift Technology"": [""Yes""], ""Intel® Turbo Boost Technology ‡"": [""2.0""], ""Intel® Hyper-Threading Technology ‡"": [""Yes""], ""Intel® Transactional Synchronization Extensions"": [""Yes""], ""Intel® 64 ‡"": [""Yes""], ""Instruction Set Extensions"": [""Intel® AMX, Intel® SSE4.2, Intel® AVX, Intel® AVX2, Intel® AVX-512""], ""# of AVX-512 FMA Units"": [""2""], ""Intel® Volume Management Device (VMD)"": [""Yes""], ""Intel® Trust Domain Extensions (Intel® TDX)"": [""Yes""], ""Intel® Secure Key"": [""Yes""], ""Intel® Crypto Acceleration"": [""Yes""], ""Intel® QuickAssist Software Acceleration"": [""Yes""], ""Intel® Platform Firmware Resilience Support"": [""Yes""], ""Intel® Control-Flow Enforcement Technology"": [""Yes""], ""Intel® Total Memory Encryption - Multi Key"": [""Yes""], ""Intel® Total Memory Encryption"": [""Yes""], ""Intel® AES New Instructions"": [""Yes""], ""Intel® Software Guard Extensions (Intel® SGX)"": [""Yes""], ""Default Maximum Enclave Page Cache (EPC) Size for Intel® SGX"": [""512 GB""], ""Intel® OS Guard"": [""Yes""], ""Intel® Trusted Execution Technology ‡"": [""Yes""], ""Execute Disable Bit ‡"": [""Yes""], ""Intel® Boot Guard"": [""Yes""], ""Intel® Run Sure Technology"": [""Yes""], ""Mode-based Execute Control (MBEC)"": [""Yes""], ""Intel® Virtualization Technology (VT-x) ‡"": [""Yes""], ""Intel® Virtualization Technology for Directed I/O (VT-d) ‡"": [""Yes""], ""Intel® VT-x with Extended Page Tables (EPT) ‡"": [""Yes""]}","Intel® Xeon® 6980P processor (504M Cache, 2.00 GHz) FC-LGA18N, Tray","SRPL2, Q5SM","PK8072006023100, PK8072006129500",https://www.intel.com/content/www/us/en/products/sku/240777/intel-xeon-6980p-processor-504m-cache-2-00-ghz/specifications.html,Intel
Intel® Xeon® 6972P Processor,Q3'24,96,3.9 GHz,2.4 GHz,480 MB,500 W,processor,Intel® Xeon® 6 processors,Products formerly Granite Rapids,Server,6972P,12,3 TB,DDR5(6400MT/s)MRDIMM(8800MT/s),8800 MHz,Yes,"{""Product Collection"": [""Intel® Xeon® 6 processors""], ""Code Name"": [""Products formerly Granite Rapids""], ""Vertical Segment"": [""Server""], ""Processor Number"": [""6972P""], ""Lithography"": [""Intel 3""], ""Recommended Customer Price"": [""$11446.00""], ""Total Cores"": [""96""], ""Total Threads"": [""192""], ""Max Turbo Frequency"": [""3.9 GHz""], ""All Core Turbo Frequency"": [""3.5 GHz""], ""Processor Base Frequency"": [""2.4 GHz""], ""Cache"": [""480 MB""], ""Intel® UPI Speed"": [""24 GT/s""], ""Max # of UPI Links"": [""6""], ""TDP"": [""500 W""], ""Marketing Status"": [""Launched""], ""Launch Date"": [""Q3'24""], ""Embedded Options Available"": [""No""], ""Max Memory Size (dependent on memory type)"": [""3 TB""], ""Memory Types"": [""DDR5(6400MT/s)MRDIMM(8800MT/s)""], ""Maximum Memory Speed"": [""8800 MHz""], ""Max # of Memory Channels"": [""12""], ""ECC Memory Supported ‡"": [""Yes""], ""Scalability"": [""2S""], ""PCI Express Revision"": [""5.0""], ""Max # of PCI Express Lanes"": [""96""], ""Sockets Supported"": [""FCLGA7529""], ""Package Carrier"": [""BR1A""], ""DTS Max"": [""98 °C""], ""TCASE"": [""80 °C""], ""Package Size"": [""104.5mm x 70.5mm""], ""Intel® QuickAssist Technology (QAT)"": [""4 default devices""], ""Intel® Dynamic Load Balancer (DLB)"": [""4 default devices""], ""Intel® Data Streaming Accelerator (DSA)"": [""4 default devices""], ""Intel® In-memory Analytics Accelerator (IAA)"": [""4 default devices""], ""Intel® Advanced Matrix Extensions (AMX)"": [""Yes""], ""Intel® Speed Select Technology – Core Power"": [""Yes""], ""Intel® Speed Select Technology – Turbo Frequency"": [""Yes""], ""Intel® Deep Learning Boost (Intel® DL Boost) on CPU"": [""Yes""], ""Intel® Speed Select Technology - Performance Profile"": [""Yes""], ""Intel® Speed Select Technology - Base Frequency"": [""Yes""], ""High Priority Cores"": [""36""], ""High Priority Core Frequency"": [""2.6 GHz""], ""Low Priority Cores"": [""60""], ""Low Priority Core Frequency"": [""2.2 GHz""], ""Intel® Resource Director Technology (Intel® RDT)"": [""Yes""], ""Intel® Speed Shift Technology"": [""Yes""], ""Intel® Turbo Boost Technology ‡"": [""2.0""], ""Intel® Hyper-Threading Technology ‡"": [""Yes""], ""Intel® Transactional Synchronization Extensions"": [""Yes""], ""Intel® 64 ‡"": [""Yes""], ""Instruction Set Extensions"": [""Intel® AMX, Intel® SSE4.2, Intel® AVX, Intel® AVX2, Intel® AVX-512""], ""# of AVX-512 FMA Units"": [""2""], ""Intel® Volume Management Device (VMD)"": [""Yes""], ""Intel® Trust Domain Extensions (Intel® TDX)"": [""Yes""], ""Intel® Secure Key"": [""Yes""], ""Intel® Crypto Acceleration"": [""Yes""], ""Intel® QuickAssist Software Acceleration"": [""Yes""], ""Intel® Platform Firmware Resilience Support"": [""Yes""], ""Intel® Control-Flow Enforcement Technology"": [""Yes""], ""Intel® Total Memory Encryption - Multi Key"": [""Yes""], ""Intel® Total Memory Encryption"": [""Yes""], ""Intel® AES New Instructions"": [""Yes""], ""Intel® Software Guard Extensions (Intel® SGX)"": [""Yes""], ""Default Maximum Enclave Page Cache (EPC) Size for Intel® SGX"": [""512 GB""], ""Intel® OS Guard"": [""Yes""], ""Intel® Trusted Execution Technology ‡"": [""Yes""], ""Execute Disable Bit ‡"": [""Yes""], ""Intel® Boot Guard"": [""Yes""], ""Intel® Run Sure Technology"": [""Yes""], ""Mode-based Execute Control (MBEC)"": [""Yes""], ""Intel® Virtualization Technology (VT-x) ‡"": [""Yes""], ""Intel® Virtualization Technology for Directed I/O (VT-d) ‡"": [""Yes""], ""Intel® VT-x with Extended Page Tables (EPT) ‡"": [""Yes""]}","Intel® Xeon® 6972P processor (480M Cache, 2.40 GHz) FC-LGA18N, Tray","SRPKY, Q5SP","PK8072006022900, PK8072006129700",https://www.intel.com/content/www/us/en/products/sku/240785/intel-xeon-6972p-processor-480m-cache-2-40-ghz/specifications.html,Intel
Intel® Xeon® 6960P Processor,Q3'24,72,3.9 GHz,2.7 GHz,432 MB,500 W,processor,Intel® Xeon® 6 processors,Products formerly Granite Rapids,Server,6960P,12,3 TB,"DDR5(6400MT/s), MRDIMM(8800MT/s)",8800 MHz,Yes,"{""Product Collection"": [""Intel® Xeon® 6 processors""], ""Code Name"": [""Products formerly Granite Rapids""], ""Vertical Segment"": [""Server""], ""Processor Number"": [""6960P""], ""Lithography"": [""Intel 3""], ""Recommended Customer Price"": [""$10780.00""], ""Total Cores"": [""72""], ""Total Threads"": [""144""], ""Max Turbo Frequency"": [""3.9 GHz""], ""All Core Turbo Frequency"": [""3.8 GHz""], ""Processor Base Frequency"": [""2.7 GHz""], ""Cache"": [""432 MB""], ""Intel® UPI Speed"": [""24 GT/s""], ""Max # of UPI Links"": [""6""], ""TDP"": [""500 W""], ""Marketing Status"": [""Launched""], ""Launch Date"": [""Q3'24""], ""Embedded Options Available"": [""No""], ""Max Memory Size (dependent on memory type)"": [""3 TB""], ""Memory Types"": [""DDR5(6400MT/s), MRDIMM(8800MT/s)""], ""Maximum Memory Speed"": [""8800 MHz""], ""Max # of Memory Channels"": [""12""], ""ECC Memory Supported ‡"": [""Yes""], ""Scalability"": [""2S""], ""PCI Express Revision"": [""5.0""], ""Max # of PCI Express Lanes"": [""96""], ""Sockets Supported"": [""FCLGA7529""], ""Package Carrier"": [""BR1A""], ""DTS Max"": [""102 °C""], ""TCASE"": [""80 °C""], ""Package Size"": [""104.5mm x 70.5mm""], ""Intel® QuickAssist Technology (QAT)"": [""4 default devices""], ""Intel® Dynamic Load Balancer (DLB)"": [""4 default devices""], ""Intel® Data Streaming Accelerator (DSA)"": [""4 default devices""], ""Intel® In-memory Analytics Accelerator (IAA)"": [""4 default devices""], ""Intel® Advanced Matrix Extensions (AMX)"": [""Yes""], ""Intel® Speed Select Technology – Core Power"": [""Yes""], ""Intel® Speed Select Technology – Turbo Frequency"": [""Yes""], ""Intel® Deep Learning Boost (Intel® DL Boost) on CPU"": [""Yes""], ""Intel® Speed Select Technology - Performance Profile"": [""Yes""], ""Intel® Speed Select Technology - Base Frequency"": [""Yes""], ""High Priority Cores"": [""24""], ""High Priority Core Frequency"": [""2.9 GHz""], ""Low Priority Cores"": [""48""], ""Low Priority Core Frequency"": [""2.5 GHz""], ""Intel® Resource Director Technology (Intel® RDT)"": [""Yes""], ""Intel® Speed Shift Technology"": [""Yes""], ""Intel® Turbo Boost Technology ‡"": [""2.0""], ""Intel® Hyper-Threading Technology ‡"": [""Yes""], ""Intel® Transactional Synchronization Extensions"": [""Yes""], ""Intel® 64 ‡"": [""Yes""], ""Instruction Set Extensions"": [""Intel® AMX, Intel® SSE4.2, Intel® AVX, Intel® AVX2, Intel® AVX-512""], ""# of AVX-512 FMA Units"": [""2""], ""Intel® Volume Management Device (VMD)"": [""Yes""], ""Intel® Trust Domain Extensions (Intel® TDX)"": [""Yes""], ""Intel® Secure Key"": [""Yes""], ""Intel® Crypto Acceleration"": [""Yes""], ""Intel® QuickAssist Software Acceleration"": [""Yes""], ""Intel® Platform Firmware Resilience Support"": [""Yes""], ""Intel® Control-Flow Enforcement Technology"": [""Yes""], ""Intel® Total Memory Encryption - Multi Key"": [""Yes""], ""Intel® Total Memory Encryption"": [""Yes""], ""Intel® AES New Instructions"": [""Yes""], ""Intel® Software Guard Extensions (Intel® SGX)"": [""Yes""], ""Default Maximum Enclave Page Cache (EPC) Size for Intel® SGX"": [""512 GB""], ""Intel® OS Guard"": [""Yes""], ""Intel® Trusted Execution Technology ‡"": [""Yes""], ""Execute Disable Bit ‡"": [""Yes""], ""Intel® Boot Guard"": [""Yes""], ""Intel® Run Sure Technology"": [""Yes""], ""Mode-based Execute Control (MBEC)"": [""Yes""], ""Intel® Virtualization Technology (VT-x) ‡"": [""Yes""], ""Intel® Virtualization Technology for Directed I/O (VT-d) ‡"": [""Yes""], ""Intel® VT-x with Extended Page Tables (EPT) ‡"": [""Yes""]}","Intel® Xeon® 6960P processor (432M Cache, 2.70 GHz) FC-LGA18N, Tray","SRPKX, Q5SQ","PK8072006022800, PK8072006129800",https://www.intel.com/content/www/us/en/products/sku/240775/intel-xeon-6960p-processor-432m-cache-2-70-ghz/specifications.html,Intel
Intel® Xeon® 6952P Processor,Q3'24,96,3.9 GHz,2.1 GHz,480 MB,400 W,processor,Intel® Xeon® 6 processors,Products formerly Granite Rapids,Server,6952P,12,3 TB,DDR5(6400MT/s)MRDIMM(8800MT/s),8800 MHz,Yes,"{""Product Collection"": [""Intel® Xeon® 6 processors""], ""Code Name"": [""Products formerly Granite Rapids""], ""Vertical Segment"": [""Server""], ""Processor Number"": [""6952P""], ""Lithography"": [""Intel 3""], ""Recommended Customer Price"": [""$10209.00""], ""Total Cores"": [""96""], ""Total Threads"": [""192""], ""Max Turbo Frequency"": [""3.9 GHz""], ""All Core Turbo Frequency"": [""3.2 GHz""], ""Processor Base Frequency"": [""2.1 GHz""], ""Cache"": [""480 MB""], ""Intel® UPI Speed"": [""24 GT/s""], ""Max # of UPI Links"": [""6""], ""TDP"": [""400 W""], ""Marketing Status"": [""Launched""], ""Launch Date"": [""Q3'24""], ""Embedded Options Available"": [""No""], ""Max Memory Size (dependent on memory type)"": [""3 TB""], ""Memory Types"": [""DDR5(6400MT/s)MRDIMM(8800MT/s)""], ""Maximum Memory Speed"": [""8800 MHz""], ""Max # of Memory Channels"": [""12""], ""ECC Memory Supported ‡"": [""Yes""], ""Scalability"": [""2S""], ""PCI Express Revision"": [""5.0""], ""Max # of PCI Express Lanes"": [""96""], ""Sockets Supported"": [""FCLGA7529""], ""Package Carrier"": [""BR1A""], ""DTS Max"": [""86 °C""], ""TCASE"": [""72 °C""], ""Package Size"": [""104.5mm x 70.5mm""], ""Intel® QuickAssist Technology (QAT)"": [""4 default devices""], ""Intel® Dynamic Load Balancer (DLB)"": [""4 default devices""], ""Intel® Data Streaming Accelerator (DSA)"": [""4 default devices""], ""Intel® In-memory Analytics Accelerator (IAA)"": [""4 default devices""], ""Intel® Advanced Matrix Extensions (AMX)"": [""Yes""], ""Intel® Speed Select Technology – Core Power"": [""Yes""], ""Intel® Speed Select Technology – Turbo Frequency"": [""Yes""], ""Intel® Deep Learning Boost (Intel® DL Boost) on CPU"": [""Yes""], ""Intel® Speed Select Technology - Performance Profile"": [""Yes""], ""Intel® Speed Select Technology - Base Frequency"": [""Yes""], ""High Priority Cores"": [""36""], ""High Priority Core Frequency"": [""2.3 GHz""], ""Low Priority Cores"": [""60""], ""Low Priority Core Frequency"": [""1.9 GHz""], ""Intel® Resource Director Technology (Intel® RDT)"": [""Yes""], ""Intel® Speed Shift Technology"": [""Yes""], ""Intel® Turbo Boost Technology ‡"": [""2.0""], ""Intel® Hyper-Threading Technology ‡"": [""Yes""], ""Intel® Transactional Synchronization Extensions"": [""Yes""], ""Intel® 64 ‡"": [""Yes""], ""Instruction Set Extensions"": [""Intel® AMX, Intel® SSE4.2, Intel® AVX, Intel® AVX2, Intel® AVX-512""], ""# of AVX-512 FMA Units"": [""2""], ""Intel® Volume Management Device (VMD)"": [""Yes""], ""Intel® Trust Domain Extensions (Intel® TDX)"": [""Yes""], ""Intel® Secure Key"": [""Yes""], ""Intel® Crypto Acceleration"": [""Yes""], ""Intel® QuickAssist Software Acceleration"": [""Yes""], ""Intel® Platform Firmware Resilience Support"": [""Yes""], ""Intel® Control-Flow Enforcement Technology"": [""Yes""], ""Intel® Total Memory Encryption - Multi Key"": [""Yes""], ""Intel® Total Memory Encryption"": [""Yes""], ""Intel® AES New Instructions"": [""Yes""], ""Intel® Software Guard Extensions (Intel® SGX)"": [""Yes""], ""Default Maximum Enclave Page Cache (EPC) Size for Intel® SGX"": [""512 GB""], ""Intel® OS Guard"": [""Yes""], ""Intel® Trusted Execution Technology ‡"": [""Yes""], ""Execute Disable Bit ‡"": [""Yes""], ""Intel® Boot Guard"": [""Yes""], ""Intel® Run Sure Technology"": [""Yes""], ""Mode-based Execute Control (MBEC)"": [""Yes""], ""Intel® Virtualization Technology (VT-x) ‡"": [""Yes""], ""Intel® Virtualization Technology for Directed I/O (VT-d) ‡"": [""Yes""], ""Intel® VT-x with Extended Page Tables (EPT) ‡"": [""Yes""]}","Intel® Xeon® 6952P processor (480M Cache, 2.10 GHz) FC-LGA18N, Tray","Q5TS, SRQ6Q","PK8072006135100, PK8072006151500",https://www.intel.com/content/www/us/en/products/sku/241643/intel-xeon-6952p-processor-480m-cache-2-10-ghz/specifications.html,Intel
Intel® Xeon® 6944P Processor,Q1'25,72,3.9 GHz,1.8 GHz,432 MB,350 W,processor,Intel® Xeon® 6 processors,Products formerly Granite Rapids,Server,6944P,12,3 TB,DDR5(6400MT/s),6400 MHz,Yes,"{""Product Collection"": [""Intel® Xeon® 6 processors""], ""Code Name"": [""Products formerly Granite Rapids""], ""Vertical Segment"": [""Server""], ""Processor Number"": [""6944P""], ""Lithography"": [""Intel 3""], ""Recommended Customer Price"": [""$7672.00""], ""Total Cores"": [""72""], ""Total Threads"": [""144""], ""Max Turbo Frequency"": [""3.9 GHz""], ""All Core Turbo Frequency"": [""3.1 GHz""], ""Processor Base Frequency"": [""1.8 GHz""], ""Cache"": [""432 MB""], ""Intel® UPI Speed"": [""24 GT/s""], ""Max # of UPI Links"": [""6""], ""TDP"": [""350 W""], ""Marketing Status"": [""Launched""], ""Launch Date"": [""Q1'25""], ""Embedded Options Available"": [""No""], ""Max Memory Size (dependent on memory type)"": [""3 TB""], ""Memory Types"": [""DDR5(6400MT/s)""], ""Maximum Memory Speed"": [""6400 MHz""], ""Max # of Memory Channels"": [""12""], ""ECC Memory Supported ‡"": [""Yes""], ""Scalability"": [""2S""], ""PCI Express Revision"": [""5.0""], ""Max # of PCI Express Lanes"": [""96""], ""Sockets Supported"": [""FCLGA7529""], ""Package Carrier"": [""BR1A""], ""DTS Max"": [""91 °C""], ""TCASE"": [""76 °C""], ""Package Size"": [""104.5mm x 70.5mm""], ""Intel® QuickAssist Technology (QAT)"": [""0 default devices""], ""Intel® Dynamic Load Balancer (DLB)"": [""0 default devices""], ""Intel® Data Streaming Accelerator (DSA)"": [""0 default devices""], ""Intel® In-memory Analytics Accelerator (IAA)"": [""0 default devices""], ""Intel® Advanced Matrix Extensions (AMX)"": [""Yes""], ""Intel® Speed Select Technology – Core Power"": [""Yes""], ""Intel® Speed Select Technology – Turbo Frequency"": [""Yes""], ""Intel® Deep Learning Boost (Intel® DL Boost) on CPU"": [""Yes""], ""Intel® Speed Select Technology - Performance Profile"": [""No""], ""Intel® Speed Select Technology - Base Frequency"": [""No""], ""Intel® Resource Director Technology (Intel® RDT)"": [""Yes""], ""Intel® Speed Shift Technology"": [""Yes""], ""Intel® Turbo Boost Technology ‡"": [""2.0""], ""Intel® Hyper-Threading Technology ‡"": [""Yes""], ""Intel® Transactional Synchronization Extensions"": [""Yes""], ""Intel® 64 ‡"": [""Yes""], ""Instruction Set Extensions"": [""Intel® SSE4.2, Intel® AVX, Intel® AVX2, Intel® AVX-512, Intel® AMX""], ""# of AVX-512 FMA Units"": [""2""], ""Intel® Volume Management Device (VMD)"": [""Yes""], ""Intel® Trust Domain Extensions (Intel® TDX)"": [""Yes""], ""Intel® Secure Key"": [""Yes""], ""Intel® Crypto Acceleration"": [""Yes""], ""Intel® QuickAssist Software Acceleration"": [""Yes""], ""Intel® Platform Firmware Resilience Support"": [""Yes""], ""Intel® Control-Flow Enforcement Technology"": [""Yes""], ""Intel® Total Memory Encryption - Multi Key"": [""Yes""], ""Intel® Total Memory Encryption"": [""Yes""], ""Intel® AES New Instructions"": [""Yes""], ""Intel® Software Guard Extensions (Intel® SGX)"": [""Yes""], ""Default Maximum Enclave Page Cache (EPC) Size for Intel® SGX"": [""512 GB""], ""Intel® OS Guard"": [""Yes""], ""Intel® Trusted Execution Technology ‡"": [""Yes""], ""Execute Disable Bit ‡"": [""Yes""], ""Intel® Boot Guard"": [""Yes""], ""Intel® Run Sure Technology"": [""Yes""], ""Mode-based Execute Control (MBEC)"": [""Yes""], ""Intel® Virtualization Technology (VT-x) ‡"": [""Yes""], ""Intel® Virtualization Technology for Directed I/O (VT-d) ‡"": [""Yes""], ""Intel® VT-x with Extended Page Tables (EPT) ‡"": [""Yes""]}","Intel® Xeon® 6944P processor (432M Cache, 1.80 GHz) FC-LGA18N, Tray",SRVUS,PK8072006410200,https://www.intel.com/content/www/us/en/products/sku/242856/intel-xeon-6944p-processor-432m-cache-1-80-ghz/specifications.html,Intel
Intel® Xeon® 6788P Processor,Q1'25,86,3.8 GHz,2 GHz,336 MB,350 W,processor,Intel® Xeon® 6 processors,Products formerly Granite Rapids,Server,6788P,8,4 TB,DDR5(6400MT/s),6400 MHz,Yes,"{""Product Collection"": [""Intel® Xeon® 6 processors""], ""Code Name"": [""Products formerly Granite Rapids""], ""Vertical Segment"": [""Server""], ""Processor Number"": [""6788P""], ""Lithography"": [""Intel 3""], ""Recommended Customer Price"": [""$21280.00""], ""Total Cores"": [""86""], ""Total Threads"": [""172""], ""Max Turbo Frequency"": [""3.8 GHz""], ""All Core Turbo Frequency"": [""3.2 GHz""], ""Processor Base Frequency"": [""2 GHz""], ""Cache"": [""336 MB""], ""Intel® UPI Speed"": [""24 GT/s""], ""Max # of UPI Links"": [""4""], ""TDP"": [""350 W""], ""Marketing Status"": [""Launched""], ""Launch Date"": [""Q1'25""], ""Embedded Options Available"": [""No""], ""Max Memory Size (dependent on memory type)"": [""4 TB""], ""Memory Types"": [""DDR5(6400MT/s)""], ""Maximum Memory Speed"": [""6400 MHz""], ""Max # of Memory Channels"": [""8""], ""ECC Memory Supported ‡"": [""Yes""], ""Scalability"": [""4S_8S""], ""PCI Express Revision"": [""5.0""], ""Max # of PCI Express Lanes"": [""88""], ""Sockets Supported"": [""FCLGA4710""], ""Package Carrier"": [""E2A""], ""DTS Max"": [""97 °C""], ""TCASE"": [""80 °C""], ""Package Size"": [""77.5mm x 56.5mm""], ""Intel® QuickAssist Technology (QAT)"": [""4 default devices""], ""Intel® Dynamic Load Balancer (DLB)"": [""4 default devices""], ""Intel® Data Streaming Accelerator (DSA)"": [""4 default devices""], ""Intel® In-memory Analytics Accelerator (IAA)"": [""4 default devices""], ""Intel® Advanced Matrix Extensions (AMX)"": [""Yes""], ""Intel® Speed Select Technology – Core Power"": [""Yes""], ""Intel® Speed Select Technology – Turbo Frequency"": [""Yes""], ""Intel® Deep Learning Boost (Intel® DL Boost) on CPU"": [""Yes""], ""Intel® Speed Select Technology - Performance Profile"": [""No""], ""Intel® Speed Select Technology - Base Frequency"": [""Yes""], ""High Priority Cores"": [""36""], ""High Priority Core Frequency"": [""2.10 GHz""], ""Low Priority Cores"": [""50""], ""Low Priority Core Frequency"": [""1.60 GHz""], ""Intel® Resource Director Technology (Intel® RDT)"": [""Yes""], ""Intel® Speed Shift Technology"": [""Yes""], ""Intel® Turbo Boost Technology ‡"": [""2.0""], ""Intel® Hyper-Threading Technology ‡"": [""Yes""], ""Intel® Transactional Synchronization Extensions"": [""Yes""], ""Intel® 64 ‡"": [""Yes""], ""Instruction Set Extensions"": [""Intel® AMX, Intel® SSE4.2, Intel® AVX, Intel® AVX2, Intel® AVX-512""], ""# of AVX-512 FMA Units"": [""2""], ""Intel® Volume Management Device (VMD)"": [""Yes""], ""Intel® Trust Domain Extensions (Intel® TDX)"": [""Yes""], ""Intel® Secure Key"": [""Yes""], ""Intel® Crypto Acceleration"": [""Yes""], ""Intel® QuickAssist Software Acceleration"": [""Yes""], ""Intel® Platform Firmware Resilience Support"": [""Yes""], ""Intel® Control-Flow Enforcement Technology"": [""Yes""], ""Intel® Total Memory Encryption - Multi Key"": [""Yes""], ""Intel® Total Memory Encryption"": [""Yes""], ""Intel® AES New Instructions"": [""Yes""], ""Intel® Software Guard Extensions (Intel® SGX)"": [""Yes""], ""Default Maximum Enclave Page Cache (EPC) Size for Intel® SGX"": [""512 GB""], ""Intel® OS Guard"": [""Yes""], ""Intel® Trusted Execution Technology ‡"": [""Yes""], ""Execute Disable Bit ‡"": [""Yes""], ""Intel® Boot Guard"": [""Yes""], ""Intel® Run Sure Technology"": [""Yes""], ""Mode-based Execute Control (MBEC)"": [""Yes""], ""Intel® Virtualization Technology (VT-x) ‡"": [""Yes""], ""Intel® Virtualization Technology for Directed I/O (VT-d) ‡"": [""Yes""], ""Intel® VT-x with Extended Page Tables (EPT) ‡"": [""Yes""]}","Intel® Xeon® 6788P processor (336M Cache, 2.00 GHz) FC-LGA18N, Tray",SRV5N,PK8072006270600,https://www.intel.com/content/www/us/en/products/sku/241837/intel-xeon-6788p-processor-336m-cache-2-00-ghz/specifications.html,Intel
Intel® Xeon® 6787P Processor,Q1'25,86,3.8 GHz,2 GHz,336 MB,350 W,processor,Intel® Xeon® 6 processors,Products formerly Granite Rapids,Server,6787P,8,4 TB,"DDR5(6400MT/s), MRDIMM(8800MT/s)",8000 MHz,Yes,"{""Product Collection"": [""Intel® Xeon® 6 processors""], ""Code Name"": [""Products formerly Granite Rapids""], ""Vertical Segment"": [""Server""], ""Processor Number"": [""6787P""], ""Lithography"": [""Intel 3""], ""Recommended Customer Price"": [""$11648.00""], ""Total Cores"": [""86""], ""Total Threads"": [""172""], ""Max Turbo Frequency"": [""3.8 GHz""], ""All Core Turbo Frequency"": [""3.2 GHz""], ""Processor Base Frequency"": [""2 GHz""], ""Cache"": [""336 MB""], ""Intel® UPI Speed"": [""24 GT/s""], ""Max # of UPI Links"": [""4""], ""TDP"": [""350 W""], ""Marketing Status"": [""Launched""], ""Launch Date"": [""Q1'25""], ""Embedded Options Available"": [""No""], ""Max Memory Size (dependent on memory type)"": [""4 TB""], ""Memory Types"": [""DDR5(6400MT/s), MRDIMM(8800MT/s)""], ""Maximum Memory Speed"": [""8000 MHz""], ""Max # of Memory Channels"": [""8""], ""ECC Memory Supported ‡"": [""Yes""], ""Scalability"": [""2S""], ""PCI Express Revision"": [""5.0""], ""Max # of PCI Express Lanes"": [""88""], ""Sockets Supported"": [""FCLGA4710""], ""Package Carrier"": [""E2A""], ""DTS Max"": [""97 °C""], ""TCASE"": [""80 °C""], ""Package Size"": [""77.5mm x 56.5mm""], ""Intel® QuickAssist Technology (QAT)"": [""4 default devices""], ""Intel® Dynamic Load Balancer (DLB)"": [""4 default devices""], ""Intel® Data Streaming Accelerator (DSA)"": [""4 default devices""], ""Intel® In-memory Analytics Accelerator (IAA)"": [""4 default devices""], ""Intel® Advanced Matrix Extensions (AMX)"": [""Yes""], ""Intel® Speed Select Technology – Core Power"": [""Yes""], ""Intel® Speed Select Technology – Turbo Frequency"": [""Yes""], ""Intel® Deep Learning Boost (Intel® DL Boost) on CPU"": [""Yes""], ""Intel® Speed Select Technology - Performance Profile"": [""No""], ""Intel® Speed Select Technology - Base Frequency"": [""Yes""], ""High Priority Cores"": [""36""], ""High Priority Core Frequency"": [""2.10 GHz""], ""Low Priority Cores"": [""50""], ""Low Priority Core Frequency"": [""1.60 GHz""], ""Intel® Resource Director Technology (Intel® RDT)"": [""Yes""], ""Intel® Speed Shift Technology"": [""Yes""], ""Intel® Turbo Boost Technology ‡"": [""2.0""], ""Intel® Hyper-Threading Technology ‡"": [""Yes""], ""Intel® Transactional Synchronization Extensions"": [""Yes""], ""Intel® 64 ‡"": [""Yes""], ""Instruction Set Extensions"": [""Intel® AMX, Intel® SSE4.2, Intel® AVX, Intel® AVX2, Intel® AVX-512""], ""# of AVX-512 FMA Units"": [""2""], ""Intel® Volume Management Device (VMD)"": [""Yes""], ""Intel® Trust Domain Extensions (Intel® TDX)"": [""Yes""], ""Intel® Secure Key"": [""Yes""], ""Intel® Crypto Acceleration"": [""Yes""], ""Intel® QuickAssist Software Acceleration"": [""Yes""], ""Intel® Platform Firmware Resilience Support"": [""Yes""], ""Intel® Control-Flow Enforcement Technology"": [""Yes""], ""Intel® Total Memory Encryption - Multi Key"": [""Yes""], ""Intel® Total Memory Encryption"": [""Yes""], ""Intel® AES New Instructions"": [""Yes""], ""Intel® Software Guard Extensions (Intel® SGX)"": [""Yes""], ""Default Maximum Enclave Page Cache (EPC) Size for Intel® SGX"": [""512 GB""], ""Intel® OS Guard"": [""Yes""], ""Intel® Trusted Execution Technology ‡"": [""Yes""], ""Execute Disable Bit ‡"": [""Yes""], ""Intel® Boot Guard"": [""Yes""], ""Intel® Run Sure Technology"": [""Yes""], ""Mode-based Execute Control (MBEC)"": [""Yes""], ""Intel® Virtualization Technology (VT-x) ‡"": [""Yes""], ""Intel® Virtualization Technology for Directed I/O (VT-d) ‡"": [""Yes""], ""Intel® VT-x with Extended Page Tables (EPT) ‡"": [""Yes""]}","Intel® Xeon® 6787P processor (336M Cache, 2.00 GHz) FC-LGA18N, Tray",SRV5E,PK8072006269800,https://www.intel.com/content/www/us/en/products/sku/241844/intel-xeon-6787p-processor-336m-cache-2-00-ghz/specifications.html,Intel
Intel® Xeon® 6781P Processor,Q1'25,80,3.8 GHz,2 GHz,336 MB,350 W,processor,Intel® Xeon® 6 processors,Products formerly Granite Rapids,Server,6781P,8,4 TB,"DDR5(6400MT/s), MRDIMM(8800MT/s)",8000 MHz,Yes,"{""Product Collection"": [""Intel® Xeon® 6 processors""], ""Code Name"": [""Products formerly Granite Rapids""], ""Vertical Segment"": [""Server""], ""Processor Number"": [""6781P""], ""Lithography"": [""Intel 3""], ""Recommended Customer Price"": [""$10035.00""], ""Total Cores"": [""80""], ""Total Threads"": [""160""], ""Max Turbo Frequency"": [""3.8 GHz""], ""All Core Turbo Frequency"": [""3.2 GHz""], ""Processor Base Frequency"": [""2 GHz""], ""Cache"": [""336 MB""], ""TDP"": [""350 W""], ""Marketing Status"": [""Launched""], ""Launch Date"": [""Q1'25""], ""Embedded Options Available"": [""Yes""], ""Max Memory Size (dependent on memory type)"": [""4 TB""], ""Memory Types"": [""DDR5(6400MT/s), MRDIMM(8800MT/s)""], ""Maximum Memory Speed"": [""8000 MHz""], ""Max # of Memory Channels"": [""8""], ""ECC Memory Supported ‡"": [""Yes""], ""Scalability"": [""1S""], ""PCI Express Revision"": [""5.0""], ""Max # of PCI Express Lanes"": [""136""], ""Sockets Supported"": [""FCLGA4710""], ""Package Carrier"": [""E2A""], ""DTS Max"": [""97 °C""], ""TCASE"": [""81 °C""], ""Package Size"": [""77.5mm x 56.5mm""], ""Intel® QuickAssist Technology (QAT)"": [""3 default devices""], ""Intel® Dynamic Load Balancer (DLB)"": [""3 default devices""], ""Intel® Data Streaming Accelerator (DSA)"": [""3 default devices""], ""Intel® In-memory Analytics Accelerator (IAA)"": [""3 default devices""], ""Intel® Advanced Matrix Extensions (AMX)"": [""Yes""], ""Intel® Speed Select Technology – Core Power"": [""Yes""], ""Intel® Speed Select Technology – Turbo Frequency"": [""Yes""], ""Intel® Deep Learning Boost (Intel® DL Boost) on CPU"": [""Yes""], ""Intel® Speed Select Technology - Performance Profile"": [""Yes""], ""Intel® Speed Select Technology - Base Frequency"": [""Yes""], ""High Priority Cores"": [""30""], ""High Priority Core Frequency"": [""2.10 GHz""], ""Low Priority Cores"": [""50""], ""Low Priority Core Frequency"": [""1.60 GHz""], ""Intel® Resource Director Technology (Intel® RDT)"": [""Yes""], ""Intel® Speed Shift Technology"": [""Yes""], ""Intel® Turbo Boost Technology ‡"": [""2.0""], ""Intel® Hyper-Threading Technology ‡"": [""Yes""], ""Intel® Transactional Synchronization Extensions"": [""Yes""], ""Intel® 64 ‡"": [""Yes""], ""Instruction Set Extensions"": [""Intel® AMX, Intel® SSE4.2, Intel® AVX, Intel® AVX2, Intel® AVX-512""], ""# of AVX-512 FMA Units"": [""2""], ""Intel® Volume Management Device (VMD)"": [""Yes""], ""Intel® Trust Domain Extensions (Intel® TDX)"": [""Yes""], ""Intel® Secure Key"": [""Yes""], ""Intel® Crypto Acceleration"": [""Yes""], ""Intel® QuickAssist Software Acceleration"": [""Yes""], ""Intel® Platform Firmware Resilience Support"": [""Yes""], ""Intel® Control-Flow Enforcement Technology"": [""Yes""], ""Intel® Total Memory Encryption - Multi Key"": [""Yes""], ""Intel® Total Memory Encryption"": [""Yes""], ""Intel® AES New Instructions"": [""Yes""], ""Intel® Software Guard Extensions (Intel® SGX)"": [""Yes""], ""Default Maximum Enclave Page Cache (EPC) Size for Intel® SGX"": [""128 GB""], ""Intel® OS Guard"": [""Yes""], ""Intel® Trusted Execution Technology ‡"": [""Yes""], ""Execute Disable Bit ‡"": [""Yes""], ""Intel® Boot Guard"": [""Yes""], ""Intel® Run Sure Technology"": [""Yes""], ""Mode-based Execute Control (MBEC)"": [""Yes""], ""Intel® Virtualization Technology (VT-x) ‡"": [""Yes""], ""Intel® Virtualization Technology for Directed I/O (VT-d) ‡"": [""Yes""], ""Intel® VT-x with Extended Page Tables (EPT) ‡"": [""Yes""]}","Intel® Xeon® 6781P processor (336M Cache, 2.00 GHz) FC-LGA18N, Tray",SRV5J,PK8072006270200,https://www.intel.com/content/www/us/en/products/sku/241834/intel-xeon-6781p-processor-336m-cache-2-00-ghz/specifications.html,Intel
Intel® Xeon® 6768P Processor,Q1'25,64,3.9 GHz,2.4 GHz,336 MB,330 W,processor,Intel® Xeon® 6 processors,Products formerly Granite Rapids,Server,6768P,8,4 TB,DDR5(6400MT/s),6400 MHz,Yes,"{""Product Collection"": [""Intel® Xeon® 6 processors""], ""Code Name"": [""Products formerly Granite Rapids""], ""Vertical Segment"": [""Server""], ""Processor Number"": [""6768P""], ""Lithography"": [""Intel 3""], ""Recommended Customer Price"": [""$17920.00""], ""Total Cores"": [""64""], ""Total Threads"": [""128""], ""Max Turbo Frequency"": [""3.9 GHz""], ""All Core Turbo Frequency"": [""3.6 GHz""], ""Processor Base Frequency"": [""2.4 GHz""], ""Cache"": [""336 MB""], ""Intel® UPI Speed"": [""24 GT/s""], ""Max # of UPI Links"": [""4""], ""TDP"": [""330 W""], ""Marketing Status"": [""Launched""], ""Launch Date"": [""Q1'25""], ""Embedded Options Available"": [""No""], ""Max Memory Size (dependent on memory type)"": [""4 TB""], ""Memory Types"": [""DDR5(6400MT/s)""], ""Maximum Memory Speed"": [""6400 MHz""], ""Max # of Memory Channels"": [""8""], ""ECC Memory Supported ‡"": [""Yes""], ""Scalability"": [""4S_8S""], ""PCI Express Revision"": [""5.0""], ""Max # of PCI Express Lanes"": [""88""], ""Sockets Supported"": [""FCLGA4710""], ""Package Carrier"": [""E2A""], ""DTS Max"": [""97 °C""], ""TCASE"": [""79 °C""], ""Package Size"": [""77.5mm x 56.5mm""], ""Intel® QuickAssist Technology (QAT)"": [""4 default devices""], ""Intel® Dynamic Load Balancer (DLB)"": [""4 default devices""], ""Intel® Data Streaming Accelerator (DSA)"": [""4 default devices""], ""Intel® In-memory Analytics Accelerator (IAA)"": [""4 default devices""], ""Intel® Advanced Matrix Extensions (AMX)"": [""Yes""], ""Intel® Speed Select Technology – Core Power"": [""Yes""], ""Intel® Speed Select Technology – Turbo Frequency"": [""Yes""], ""Intel® Deep Learning Boost (Intel® DL Boost) on CPU"": [""Yes""], ""Intel® Speed Select Technology - Performance Profile"": [""No""], ""Intel® Speed Select Technology - Base Frequency"": [""Yes""], ""High Priority Cores"": [""16""], ""High Priority Core Frequency"": [""2.50 GHz""], ""Low Priority Cores"": [""48""], ""Low Priority Core Frequency"": [""1.90 GHz""], ""Intel® Resource Director Technology (Intel® RDT)"": [""Yes""], ""Intel® Speed Shift Technology"": [""Yes""], ""Intel® Turbo Boost Technology ‡"": [""2.0""], ""Intel® Hyper-Threading Technology ‡"": [""Yes""], ""Intel® Transactional Synchronization Extensions"": [""Yes""], ""Intel® 64 ‡"": [""Yes""], ""Instruction Set Extensions"": [""Intel® AMX, Intel® SSE4.2, Intel® AVX, Intel® AVX2, Intel® AVX-512""], ""# of AVX-512 FMA Units"": [""2""], ""Intel® Volume Management Device (VMD)"": [""Yes""], ""Intel® Trust Domain Extensions (Intel® TDX)"": [""Yes""], ""Intel® Secure Key"": [""Yes""], ""Intel® Crypto Acceleration"": [""Yes""], ""Intel® QuickAssist Software Acceleration"": [""Yes""], ""Intel® Platform Firmware Resilience Support"": [""Yes""], ""Intel® Control-Flow Enforcement Technology"": [""Yes""], ""Intel® Total Memory Encryption - Multi Key"": [""Yes""], ""Intel® Total Memory Encryption"": [""Yes""], ""Intel® AES New Instructions"": [""Yes""], ""Intel® Software Guard Extensions (Intel® SGX)"": [""Yes""], ""Default Maximum Enclave Page Cache (EPC) Size for Intel® SGX"": [""512 GB""], ""Intel® OS Guard"": [""Yes""], ""Intel® Trusted Execution Technology ‡"": [""Yes""], ""Execute Disable Bit ‡"": [""Yes""], ""Intel® Boot Guard"": [""Yes""], ""Intel® Run Sure Technology"": [""Yes""], ""Mode-based Execute Control (MBEC)"": [""Yes""], ""Intel® Virtualization Technology (VT-x) ‡"": [""Yes""], ""Intel® Virtualization Technology for Directed I/O (VT-d) ‡"": [""Yes""], ""Intel® VT-x with Extended Page Tables (EPT) ‡"": [""Yes""]}","Intel® Xeon® 6768P processor (336M Cache, 2.40 GHz) FC-LGA18N, Tray",SRV5P,PK8072006270700,https://www.intel.com/content/www/us/en/products/sku/241840/intel-xeon-6768p-processor-336m-cache-2-40-ghz/specifications.html,Intel
Intel® Xeon® 6979P Processor,Q3'24,120,3.9 GHz,2.1 GHz,504 MB,500 W,processor,Intel® Xeon® 6 processors,Products formerly Granite Rapids,Server,6979P,12,3 TB,DDR5(6400MT/s)MRDIMM(8800MT/s),8800 MHz,Yes,"{""Product Collection"": [""Intel® Xeon® 6 processors""], ""Code Name"": [""Products formerly Granite Rapids""], ""Vertical Segment"": [""Server""], ""Processor Number"": [""6979P""], ""Lithography"": [""Intel 3""], ""Total Cores"": [""120""], ""Total Threads"": [""240""], ""Max Turbo Frequency"": [""3.9 GHz""], ""All Core Turbo Frequency"": [""3.2 GHz""], ""Processor Base Frequency"": [""2.1 GHz""], ""Cache"": [""504 MB""], ""Intel® UPI Speed"": [""24 GT/s""], ""Max # of UPI Links"": [""6""], ""TDP"": [""500 W""], ""Marketing Status"": [""Launched""], ""Launch Date"": [""Q3'24""], ""Embedded Options Available"": [""No""], ""Max Memory Size (dependent on memory type)"": [""3 TB""], ""Memory Types"": [""DDR5(6400MT/s)MRDIMM(8800MT/s)""], ""Maximum Memory Speed"": [""8800 MHz""], ""Max # of Memory Channels"": [""12""], ""ECC Memory Supported ‡"": [""Yes""], ""Scalability"": [""2S""], ""PCI Express Revision"": [""5.0""], ""Max # of PCI Express Lanes"": [""96""], ""Sockets Supported"": [""FCLGA7529""], ""Package Carrier"": [""BR1A""], ""DTS Max"": [""95 °C""], ""TCASE"": [""80 °C""], ""Package Size"": [""104.5mm x 70.5mm""], ""Intel® QuickAssist Technology (QAT)"": [""4 default devices""], ""Intel® Dynamic Load Balancer (DLB)"": [""4 default devices""], ""Intel® Data Streaming Accelerator (DSA)"": [""4 default devices""], ""Intel® In-memory Analytics Accelerator (IAA)"": [""4 default devices""], ""Intel® Advanced Matrix Extensions (AMX)"": [""Yes""], ""Intel® Speed Select Technology – Core Power"": [""Yes""], ""Intel® Speed Select Technology – Turbo Frequency"": [""Yes""], ""Intel® Deep Learning Boost (Intel® DL Boost) on CPU"": [""Yes""], ""Intel® Speed Select Technology - Performance Profile"": [""No""], ""Intel® Speed Select Technology - Base Frequency"": [""Yes""], ""High Priority Cores"": [""39""], ""High Priority Core Frequency"": [""2.3 GHz""], ""Low Priority Cores"": [""81""], ""Low Priority Core Frequency"": [""1.9 GHz""], ""Intel® Resource Director Technology (Intel® RDT)"": [""Yes""], ""Intel® Speed Shift Technology"": [""Yes""], ""Intel® Turbo Boost Technology ‡"": [""2.0""], ""Intel® Hyper-Threading Technology ‡"": [""Yes""], ""Intel® Transactional Synchronization Extensions"": [""Yes""], ""Intel® 64 ‡"": [""Yes""], ""Instruction Set Extensions"": [""Intel® AMX, Intel® SSE4.2, Intel® AVX, Intel® AVX2, Intel® AVX-512""], ""# of AVX-512 FMA Units"": [""2""], ""Intel® Volume Management Device (VMD)"": [""Yes""], ""Intel® Trust Domain Extensions (Intel® TDX)"": [""Yes""], ""Intel® Secure Key"": [""Yes""], ""Intel® Crypto Acceleration"": [""Yes""], ""Intel® QuickAssist Software Acceleration"": [""Yes""], ""Intel® Platform Firmware Resilience Support"": [""Yes""], ""Intel® Control-Flow Enforcement Technology"": [""Yes""], ""Intel® Total Memory Encryption - Multi Key"": [""Yes""], ""Intel® Total Memory Encryption"": [""Yes""], ""Intel® AES New Instructions"": [""Yes""], ""Intel® Software Guard Extensions (Intel® SGX)"": [""Yes""], ""Default Maximum Enclave Page Cache (EPC) Size for Intel® SGX"": [""512 GB""], ""Intel® OS Guard"": [""Yes""], ""Intel® Trusted Execution Technology ‡"": [""Yes""], ""Execute Disable Bit ‡"": [""Yes""], ""Intel® Boot Guard"": [""Yes""], ""Intel® Run Sure Technology"": [""Yes""], ""Mode-based Execute Control (MBEC)"": [""Yes""], ""Intel® Virtualization Technology (VT-x) ‡"": [""Yes""], ""Intel® Virtualization Technology for Directed I/O (VT-d) ‡"": [""Yes""], ""Intel® VT-x with Extended Page Tables (EPT) ‡"": [""Yes""]}",,,,https://www.intel.com/content/www/us/en/products/sku/240781/intel-xeon-6979p-processor-504m-cache-2-10-ghz/specifications.html,Intel
Intel® Xeon® 6767P Processor,Q1'25,64,3.9 GHz,2.4 GHz,336 MB,350 W,processor,Intel® Xeon® 6 processors,Products formerly Granite Rapids,Server,6767P,8,4 TB,"DDR5(6400MT/s), MRDIMM(8800MT/s)",8000 MHz,Yes,"{""Product Collection"": [""Intel® Xeon® 6 processors""], ""Code Name"": [""Products formerly Granite Rapids""], ""Vertical Segment"": [""Server""], ""Processor Number"": [""6767P""], ""Lithography"": [""Intel 3""], ""Recommended Customer Price"": [""$10746.00""], ""Total Cores"": [""64""], ""Total Threads"": [""128""], ""Max Turbo Frequency"": [""3.9 GHz""], ""All Core Turbo Frequency"": [""3.6 GHz""], ""Processor Base Frequency"": [""2.4 GHz""], ""Cache"": [""336 MB""], ""Intel® UPI Speed"": [""24 GT/s""], ""Max # of UPI Links"": [""4""], ""TDP"": [""350 W""], ""Marketing Status"": [""Launched""], ""Launch Date"": [""Q1'25""], ""Embedded Options Available"": [""No""], ""Max Memory Size (dependent on memory type)"": [""4 TB""], ""Memory Types"": [""DDR5(6400MT/s), MRDIMM(8800MT/s)""], ""Maximum Memory Speed"": [""8000 MHz""], ""Max # of Memory Channels"": [""8""], ""ECC Memory Supported ‡"": [""Yes""], ""Scalability"": [""2S""], ""PCI Express Revision"": [""5.0""], ""Max # of PCI Express Lanes"": [""88""], ""Sockets Supported"": [""FCLGA4710""], ""Package Carrier"": [""E2A""], ""DTS Max"": [""101 °C""], ""TCASE"": [""81 °C""], ""Package Size"": [""77.5mm x 56.5mm""], ""Intel® QuickAssist Technology (QAT)"": [""4 default devices""], ""Intel® Dynamic Load Balancer (DLB)"": [""4 default devices""], ""Intel® Data Streaming Accelerator (DSA)"": [""4 default devices""], ""Intel® In-memory Analytics Accelerator (IAA)"": [""4 default devices""], ""Intel® Advanced Matrix Extensions (AMX)"": [""Yes""], ""Intel® Speed Select Technology – Core Power"": [""Yes""], ""Intel® Speed Select Technology – Turbo Frequency"": [""Yes""], ""Intel® Deep Learning Boost (Intel® DL Boost) on CPU"": [""Yes""], ""Intel® Speed Select Technology - Performance Profile"": [""Yes""], ""Intel® Speed Select Technology - Base Frequency"": [""Yes""], ""High Priority Cores"": [""24""], ""High Priority Core Frequency"": [""2.50 GHz""], ""Low Priority Cores"": [""40""], ""Low Priority Core Frequency"": [""2.00 GHz""], ""Intel® Resource Director Technology (Intel® RDT)"": [""Yes""], ""Intel® Speed Shift Technology"": [""Yes""], ""Intel® Turbo Boost Technology ‡"": [""2.0""], ""Intel® Hyper-Threading Technology ‡"": [""Yes""], ""Intel® Transactional Synchronization Extensions"": [""Yes""], ""Intel® 64 ‡"": [""Yes""], ""Instruction Set Extensions"": [""Intel® AMX, Intel® SSE4.2, Intel® AVX, Intel® AVX2, Intel® AVX-512""], ""# of AVX-512 FMA Units"": [""2""], ""Intel® Volume Management Device (VMD)"": [""Yes""], ""Intel® Trust Domain Extensions (Intel® TDX)"": [""Yes""], ""Intel® Secure Key"": [""Yes""], ""Intel® Crypto Acceleration"": [""Yes""], ""Intel® QuickAssist Software Acceleration"": [""Yes""], ""Intel® Platform Firmware Resilience Support"": [""Yes""], ""Intel® Control-Flow Enforcement Technology"": [""Yes""], ""Intel® Total Memory Encryption - Multi Key"": [""Yes""], ""Intel® Total Memory Encryption"": [""Yes""], ""Intel® AES New Instructions"": [""Yes""], ""Intel® Software Guard Extensions (Intel® SGX)"": [""Yes""], ""Default Maximum Enclave Page Cache (EPC) Size for Intel® SGX"": [""512 GB""], ""Intel® OS Guard"": [""Yes""], ""Intel® Trusted Execution Technology ‡"": [""Yes""], ""Execute Disable Bit ‡"": [""Yes""], ""Intel® Boot Guard"": [""Yes""], ""Intel® Run Sure Technology"": [""Yes""], ""Mode-based Execute Control (MBEC)"": [""Yes""], ""Intel® Virtualization Technology (VT-x) ‡"": [""Yes""], ""Intel® Virtualization Technology for Directed I/O (VT-d) ‡"": [""Yes""], ""Intel® VT-x with Extended Page Tables (EPT) ‡"": [""Yes""]}","Intel® Xeon® 6767P processor (336M Cache, 2.40 GHz) FC-LGA18N, Tray",SRV5F,PK8072006269900,https://www.intel.com/content/www/us/en/products/sku/241845/intel-xeon-6767p-processor-336m-cache-2-40-ghz/specifications.html,Intel
Intel® Xeon® 6761P Processor,Q1'25,64,3.9 GHz,2.5 GHz,336 MB,350 W,processor,Intel® Xeon® 6 processors,Products formerly Granite Rapids,Server,6761P,8,4 TB,"DDR5(6400MT/s), MRDIMM(8800MT/s)",8000 MHz,Yes,"{""Product Collection"": [""Intel® Xeon® 6 processors""], ""Code Name"": [""Products formerly Granite Rapids""], ""Vertical Segment"": [""Server""], ""Processor Number"": [""6761P""], ""Lithography"": [""Intel 3""], ""Recommended Customer Price"": [""$7358.00""], ""Total Cores"": [""64""], ""Total Threads"": [""128""], ""Max Turbo Frequency"": [""3.9 GHz""], ""All Core Turbo Frequency"": [""3.6 GHz""], ""Processor Base Frequency"": [""2.5 GHz""], ""Cache"": [""336 MB""], ""TDP"": [""350 W""], ""Marketing Status"": [""Launched""], ""Launch Date"": [""Q1'25""], ""Embedded Options Available"": [""No""], ""Max Memory Size (dependent on memory type)"": [""4 TB""], ""Memory Types"": [""DDR5(6400MT/s), MRDIMM(8800MT/s)""], ""Maximum Memory Speed"": [""8000 MHz""], ""Max # of Memory Channels"": [""8""], ""ECC Memory Supported ‡"": [""Yes""], ""Scalability"": [""1S""], ""PCI Express Revision"": [""5.0""], ""Max # of PCI Express Lanes"": [""136""], ""Sockets Supported"": [""FCLGA4710""], ""Package Carrier"": [""E2A""], ""DTS Max"": [""101 °C""], ""TCASE"": [""81 °C""], ""Package Size"": [""77.5mm x 56.5mm""], ""Intel® QuickAssist Technology (QAT)"": [""3 default devices""], ""Intel® Dynamic Load Balancer (DLB)"": [""3 default devices""], ""Intel® Data Streaming Accelerator (DSA)"": [""3 default devices""], ""Intel® In-memory Analytics Accelerator (IAA)"": [""3 default devices""], ""Intel® Advanced Matrix Extensions (AMX)"": [""Yes""], ""Intel® Speed Select Technology – Core Power"": [""Yes""], ""Intel® Speed Select Technology – Turbo Frequency"": [""Yes""], ""Intel® Deep Learning Boost (Intel® DL Boost) on CPU"": [""Yes""], ""Intel® Speed Select Technology - Performance Profile"": [""No""], ""Intel® Speed Select Technology - Base Frequency"": [""Yes""], ""High Priority Cores"": [""24""], ""High Priority Core Frequency"": [""2.60 GHz""], ""Low Priority Cores"": [""40""], ""Low Priority Core Frequency"": [""2.00 GHz""], ""Intel® Resource Director Technology (Intel® RDT)"": [""Yes""], ""Intel® Speed Shift Technology"": [""Yes""], ""Intel® Turbo Boost Technology ‡"": [""2.0""], ""Intel® Hyper-Threading Technology ‡"": [""Yes""], ""Intel® Transactional Synchronization Extensions"": [""Yes""], ""Intel® 64 ‡"": [""Yes""], ""Instruction Set Extensions"": [""Intel® AMX, Intel® SSE4.2, Intel® AVX, Intel® AVX2, Intel® AVX-512""], ""# of AVX-512 FMA Units"": [""2""], ""Intel® Volume Management Device (VMD)"": [""Yes""], ""Intel® Trust Domain Extensions (Intel® TDX)"": [""Yes""], ""Intel® Secure Key"": [""Yes""], ""Intel® Crypto Acceleration"": [""Yes""], ""Intel® QuickAssist Software Acceleration"": [""Yes""], ""Intel® Platform Firmware Resilience Support"": [""Yes""], ""Intel® Control-Flow Enforcement Technology"": [""Yes""], ""Intel® Total Memory Encryption - Multi Key"": [""Yes""], ""Intel® Total Memory Encryption"": [""Yes""], ""Intel® AES New Instructions"": [""Yes""], ""Intel® Software Guard Extensions (Intel® SGX)"": [""Yes""], ""Default Maximum Enclave Page Cache (EPC) Size for Intel® SGX"": [""128 GB""], ""Intel® OS Guard"": [""Yes""], ""Intel® Trusted Execution Technology ‡"": [""Yes""], ""Execute Disable Bit ‡"": [""Yes""], ""Intel® Boot Guard"": [""Yes""], ""Intel® Run Sure Technology"": [""Yes""], ""Mode-based Execute Control (MBEC)"": [""Yes""], ""Intel® Virtualization Technology (VT-x) ‡"": [""Yes""], ""Intel® Virtualization Technology for Directed I/O (VT-d) ‡"": [""Yes""], ""Intel® VT-x with Extended Page Tables (EPT) ‡"": [""Yes""]}","Intel® Xeon® 6761P processor (336M Cache, 2.50 GHz) FC-LGA18N, Tray",SRV5L,PK8072006270400,https://www.intel.com/content/www/us/en/products/sku/241842/intel-xeon-6761p-processor-336m-cache-2-50-ghz/specifications.html,Intel
Intel® Xeon® 6760P Processor,Q1'25,64,3.8 GHz,2.2 GHz,320 MB,330 W,processor,Intel® Xeon® 6 processors,Products formerly Granite Rapids,Server,6760P,8,4 TB,DDR5(6400MT/s),6400 MHz,Yes,"{""Product Collection"": [""Intel® Xeon® 6 processors""], ""Code Name"": [""Products formerly Granite Rapids""], ""Vertical Segment"": [""Server""], ""Processor Number"": [""6760P""], ""Lithography"": [""Intel 3""], ""Recommended Customer Price"": [""$8739.00""], ""Total Cores"": [""64""], ""Total Threads"": [""128""], ""Max Turbo Frequency"": [""3.8 GHz""], ""All Core Turbo Frequency"": [""3.4 GHz""], ""Processor Base Frequency"": [""2.2 GHz""], ""Cache"": [""320 MB""], ""Intel® UPI Speed"": [""24 GT/s""], ""Max # of UPI Links"": [""4""], ""TDP"": [""330 W""], ""Marketing Status"": [""Launched""], ""Launch Date"": [""Q1'25""], ""Embedded Options Available"": [""No""], ""Max Memory Size (dependent on memory type)"": [""4 TB""], ""Memory Types"": [""DDR5(6400MT/s)""], ""Maximum Memory Speed"": [""6400 MHz""], ""Max # of Memory Channels"": [""8""], ""ECC Memory Supported ‡"": [""Yes""], ""Scalability"": [""2S""], ""PCI Express Revision"": [""5.0""], ""Max # of PCI Express Lanes"": [""88""], ""Sockets Supported"": [""FCLGA4710""], ""Package Carrier"": [""E2A""], ""DTS Max"": [""96 °C""], ""TCASE"": [""78 °C""], ""Package Size"": [""77.5mm x 56.5mm""], ""Intel® QuickAssist Technology (QAT)"": [""2 default devices""], ""Intel® Dynamic Load Balancer (DLB)"": [""2 default devices""], ""Intel® Data Streaming Accelerator (DSA)"": [""2 default devices""], ""Intel® In-memory Analytics Accelerator (IAA)"": [""2 default devices""], ""Intel® Advanced Matrix Extensions (AMX)"": [""Yes""], ""Intel® Speed Select Technology – Core Power"": [""Yes""], ""Intel® Speed Select Technology – Turbo Frequency"": [""No""], ""Intel® Deep Learning Boost (Intel® DL Boost) on CPU"": [""Yes""], ""Intel® Speed Select Technology - Performance Profile"": [""Yes""], ""Intel® Speed Select Technology - Base Frequency"": [""No""], ""Intel® Resource Director Technology (Intel® RDT)"": [""Yes""], ""Intel® Speed Shift Technology"": [""Yes""], ""Intel® Turbo Boost Technology ‡"": [""2.0""], ""Intel® Hyper-Threading Technology ‡"": [""Yes""], ""Intel® Transactional Synchronization Extensions"": [""Yes""], ""Intel® 64 ‡"": [""Yes""], ""Instruction Set Extensions"": [""Intel® AMX, Intel® SSE4.2, Intel® AVX, Intel® AVX2, Intel® AVX-512""], ""# of AVX-512 FMA Units"": [""2""], ""Intel® Volume Management Device (VMD)"": [""Yes""], ""Intel® Trust Domain Extensions (Intel® TDX)"": [""Yes""], ""Intel® Secure Key"": [""Yes""], ""Intel® Crypto Acceleration"": [""Yes""], ""Intel® QuickAssist Software Acceleration"": [""Yes""], ""Intel® Platform Firmware Resilience Support"": [""Yes""], ""Intel® Control-Flow Enforcement Technology"": [""Yes""], ""Intel® Total Memory Encryption - Multi Key"": [""Yes""], ""Intel® Total Memory Encryption"": [""Yes""], ""Intel® AES New Instructions"": [""Yes""], ""Intel® Software Guard Extensions (Intel® SGX)"": [""Yes""], ""Default Maximum Enclave Page Cache (EPC) Size for Intel® SGX"": [""128 GB""], ""Intel® OS Guard"": [""Yes""], ""Intel® Trusted Execution Technology ‡"": [""Yes""], ""Execute Disable Bit ‡"": [""Yes""], ""Intel® Boot Guard"": [""Yes""], ""Intel® Run Sure Technology"": [""Yes""], ""Mode-based Execute Control (MBEC)"": [""Yes""], ""Intel® Virtualization Technology (VT-x) ‡"": [""Yes""], ""Intel® Virtualization Technology for Directed I/O (VT-d) ‡"": [""Yes""], ""Intel® VT-x with Extended Page Tables (EPT) ‡"": [""Yes""]}","Intel® Xeon® 6760P processor (320M Cache, 2.20 GHz) FC-LGA18N, Tray","Q62W, SRV5G","PK8072006231100, PK8072006270000",https://www.intel.com/content/www/us/en/products/sku/241836/intel-xeon-6760p-processor-320m-cache-2-20-ghz/specifications.html,Intel
Intel® Xeon® 6748P Processor,Q1'25,48,4.1 GHz,2.5 GHz,192 MB,300 W,processor,Intel® Xeon® 6 processors,Products formerly Granite Rapids,Server,6748P,8,4 TB,DDR5(6400MT/s),6400 MHz,Yes,"{""Product Collection"": [""Intel® Xeon® 6 processors""], ""Code Name"": [""Products formerly Granite Rapids""], ""Vertical Segment"": [""Server""], ""Processor Number"": [""6748P""], ""Lithography"": [""Intel 3""], ""Recommended Customer Price"": [""$14226.00""], ""Total Cores"": [""48""], ""Total Threads"": [""96""], ""Max Turbo Frequency"": [""4.1 GHz""], ""All Core Turbo Frequency"": [""3.8 GHz""], ""Processor Base Frequency"": [""2.5 GHz""], ""Cache"": [""192 MB""], ""Intel® UPI Speed"": [""24 GT/s""], ""Max # of UPI Links"": [""4""], ""TDP"": [""300 W""], ""Marketing Status"": [""Launched""], ""Launch Date"": [""Q1'25""], ""Embedded Options Available"": [""No""], ""Max Memory Size (dependent on memory type)"": [""4 TB""], ""Memory Types"": [""DDR5(6400MT/s)""], ""Maximum Memory Speed"": [""6400 MHz""], ""Max # of Memory Channels"": [""8""], ""ECC Memory Supported ‡"": [""Yes""], ""Scalability"": [""4S_8S""], ""PCI Express Revision"": [""5.0""], ""Max # of PCI Express Lanes"": [""88""], ""Sockets Supported"": [""FCLGA4710""], ""Package Carrier"": [""E2B""], ""DTS Max"": [""102 °C""], ""TCASE"": [""86 °C""], ""Package Size"": [""77.5mm x 56.5mm""], ""Intel® QuickAssist Technology (QAT)"": [""4 default devices""], ""Intel® Dynamic Load Balancer (DLB)"": [""4 default devices""], ""Intel® Data Streaming Accelerator (DSA)"": [""4 default devices""], ""Intel® In-memory Analytics Accelerator (IAA)"": [""4 default devices""], ""Intel® Advanced Matrix Extensions (AMX)"": [""Yes""], ""Intel® Speed Select Technology – Core Power"": [""Yes""], ""Intel® Speed Select Technology – Turbo Frequency"": [""No""], ""Intel® Deep Learning Boost (Intel® DL Boost) on CPU"": [""Yes""], ""Intel® Speed Select Technology - Performance Profile"": [""No""], ""Intel® Speed Select Technology - Base Frequency"": [""Yes""], ""High Priority Cores"": [""16""], ""High Priority Core Frequency"": [""2.6 GHz""], ""Low Priority Cores"": [""32""], ""Low Priority Core Frequency"": [""2.4 GHz""], ""Intel® Resource Director Technology (Intel® RDT)"": [""Yes""], ""Intel® Speed Shift Technology"": [""Yes""], ""Intel® Turbo Boost Technology ‡"": [""2.0""], ""Intel® Hyper-Threading Technology ‡"": [""Yes""], ""Intel® Transactional Synchronization Extensions"": [""Yes""], ""Intel® 64 ‡"": [""Yes""], ""Instruction Set Extensions"": [""Intel® SSE4.2, Intel® AVX, Intel® AVX2, Intel® AVX-512, Intel® AMX""], ""# of AVX-512 FMA Units"": [""2""], ""Intel® Volume Management Device (VMD)"": [""Yes""], ""Intel® Trust Domain Extensions (Intel® TDX)"": [""Yes""], ""Intel® Secure Key"": [""Yes""], ""Intel® Crypto Acceleration"": [""Yes""], ""Intel® QuickAssist Software Acceleration"": [""Yes""], ""Intel® Platform Firmware Resilience Support"": [""Yes""], ""Intel® Control-Flow Enforcement Technology"": [""Yes""], ""Intel® Total Memory Encryption - Multi Key"": [""Yes""], ""Intel® Total Memory Encryption"": [""Yes""], ""Intel® AES New Instructions"": [""Yes""], ""Intel® Software Guard Extensions (Intel® SGX)"": [""Yes""], ""Default Maximum Enclave Page Cache (EPC) Size for Intel® SGX"": [""512 GB""], ""Intel® OS Guard"": [""Yes""], ""Intel® Trusted Execution Technology ‡"": [""Yes""], ""Execute Disable Bit ‡"": [""Yes""], ""Intel® Boot Guard"": [""Yes""], ""Intel® Run Sure Technology"": [""Yes""], ""Mode-based Execute Control (MBEC)"": [""Yes""], ""Intel® Virtualization Technology (VT-x) ‡"": [""Yes""], ""Intel® Virtualization Technology for Directed I/O (VT-d) ‡"": [""Yes""], ""Intel® VT-x with Extended Page Tables (EPT) ‡"": [""Yes""]}","Intel® Xeon® 6748P processor (192M Cache, 2.50 GHz) FC-LGA18N, Tray",SRVNT,PK8072006347800,https://www.intel.com/content/www/us/en/products/sku/242637/intel-xeon-6748p-processor-192m-cache-2-50-ghz/specifications.html,Intel
Intel® Xeon® 6747P Processor,Q1'25,48,3.9 GHz,2.7 GHz,288 MB,330 W,processor,Intel® Xeon® 6 processors,Products formerly Granite Rapids,Server,6747P,8,4 TB,"DDR5(6400MT/s), MRDIMM(8800MT/s)",8000 MHz,Yes,"{""Product Collection"": [""Intel® Xeon® 6 processors""], ""Code Name"": [""Products formerly Granite Rapids""], ""Vertical Segment"": [""Server""], ""Processor Number"": [""6747P""], ""Lithography"": [""Intel 3""], ""Recommended Customer Price"": [""$7277.00""], ""Total Cores"": [""48""], ""Total Threads"": [""96""], ""Max Turbo Frequency"": [""3.9 GHz""], ""All Core Turbo Frequency"": [""3.8 GHz""], ""Processor Base Frequency"": [""2.7 GHz""], ""Cache"": [""288 MB""], ""Intel® UPI Speed"": [""24 GT/s""], ""Max # of UPI Links"": [""4""], ""TDP"": [""330 W""], ""Marketing Status"": [""Launched""], ""Launch Date"": [""Q1'25""], ""Embedded Options Available"": [""No""], ""Max Memory Size (dependent on memory type)"": [""4 TB""], ""Memory Types"": [""DDR5(6400MT/s), MRDIMM(8800MT/s)""], ""Maximum Memory Speed"": [""8000 MHz""], ""Max # of Memory Channels"": [""8""], ""ECC Memory Supported ‡"": [""Yes""], ""Scalability"": [""2S""], ""PCI Express Revision"": [""5.0""], ""Max # of PCI Express Lanes"": [""88""], ""Sockets Supported"": [""FCLGA4710""], ""Package Carrier"": [""E2A""], ""DTS Max"": [""94 °C""], ""TCASE"": [""78 °C""], ""Package Size"": [""77.5mm x 56.5mm""], ""Intel® QuickAssist Technology (QAT)"": [""4 default devices""], ""Intel® Dynamic Load Balancer (DLB)"": [""4 default devices""], ""Intel® Data Streaming Accelerator (DSA)"": [""4 default devices""], ""Intel® In-memory Analytics Accelerator (IAA)"": [""4 default devices""], ""Intel® Advanced Matrix Extensions (AMX)"": [""Yes""], ""Intel® Speed Select Technology – Core Power"": [""Yes""], ""Intel® Speed Select Technology – Turbo Frequency"": [""Yes""], ""Intel® Deep Learning Boost (Intel® DL Boost) on CPU"": [""Yes""], ""Intel® Speed Select Technology - Performance Profile"": [""Yes""], ""Intel® Speed Select Technology - Base Frequency"": [""No""], ""Intel® Resource Director Technology (Intel® RDT)"": [""Yes""], ""Intel® Speed Shift Technology"": [""Yes""], ""Intel® Turbo Boost Technology ‡"": [""2.0""], ""Intel® Hyper-Threading Technology ‡"": [""Yes""], ""Intel® Transactional Synchronization Extensions"": [""Yes""], ""Intel® 64 ‡"": [""Yes""], ""Instruction Set Extensions"": [""Intel® AMX, Intel® SSE4.2, Intel® AVX, Intel® AVX2, Intel® AVX-512""], ""# of AVX-512 FMA Units"": [""2""], ""Intel® Volume Management Device (VMD)"": [""Yes""], ""Intel® Trust Domain Extensions (Intel® TDX)"": [""Yes""], ""Intel® Secure Key"": [""Yes""], ""Intel® Crypto Acceleration"": [""Yes""], ""Intel® QuickAssist Software Acceleration"": [""Yes""], ""Intel® Platform Firmware Resilience Support"": [""Yes""], ""Intel® Control-Flow Enforcement Technology"": [""Yes""], ""Intel® Total Memory Encryption - Multi Key"": [""Yes""], ""Intel® Total Memory Encryption"": [""Yes""], ""Intel® AES New Instructions"": [""Yes""], ""Intel® Software Guard Extensions (Intel® SGX)"": [""Yes""], ""Default Maximum Enclave Page Cache (EPC) Size for Intel® SGX"": [""512 GB""], ""Intel® OS Guard"": [""Yes""], ""Intel® Trusted Execution Technology ‡"": [""Yes""], ""Execute Disable Bit ‡"": [""Yes""], ""Intel® Boot Guard"": [""Yes""], ""Intel® Run Sure Technology"": [""Yes""], ""Mode-based Execute Control (MBEC)"": [""Yes""], ""Intel® Virtualization Technology (VT-x) ‡"": [""Yes""], ""Intel® Virtualization Technology for Directed I/O (VT-d) ‡"": [""Yes""], ""Intel® VT-x with Extended Page Tables (EPT) ‡"": [""Yes""]}","Intel® Xeon® 6747P processor (288M Cache, 2.70 GHz) FC-LGA18N, Tray",SRVEZ,PK8072006305000,https://www.intel.com/content/www/us/en/products/sku/241825/intel-xeon-6747p-processor-288m-cache-2-70-ghz/specifications.html,Intel
Intel® Xeon® 6741P Processor,Q1'25,48,3.8 GHz,2.5 GHz,288 MB,300 W,processor,Intel® Xeon® 6 processors,Products formerly Granite Rapids,Server,6741P,8,4 TB,DDR5(6400MT/s),6400 MHz,Yes,"{""Product Collection"": [""Intel® Xeon® 6 processors""], ""Code Name"": [""Products formerly Granite Rapids""], ""Vertical Segment"": [""Server""], ""Processor Number"": [""6741P""], ""Lithography"": [""Intel 3""], ""Recommended Customer Price"": [""$4952.00""], ""Total Cores"": [""48""], ""Total Threads"": [""96""], ""Max Turbo Frequency"": [""3.8 GHz""], ""All Core Turbo Frequency"": [""3.7 GHz""], ""Processor Base Frequency"": [""2.5 GHz""], ""Cache"": [""288 MB""], ""TDP"": [""300 W""], ""Marketing Status"": [""Launched""], ""Launch Date"": [""Q1'25""], ""Embedded Options Available"": [""No""], ""Max Memory Size (dependent on memory type)"": [""4 TB""], ""Memory Types"": [""DDR5(6400MT/s)""], ""Maximum Memory Speed"": [""6400 MHz""], ""Max # of Memory Channels"": [""8""], ""ECC Memory Supported ‡"": [""Yes""], ""Scalability"": [""1S""], ""PCI Express Revision"": [""5.0""], ""Max # of PCI Express Lanes"": [""136""], ""Sockets Supported"": [""FCLGA4710""], ""Package Carrier"": [""E2A""], ""DTS Max"": [""93 °C""], ""TCASE"": [""79 °C""], ""Package Size"": [""77.5mm x 56.5mm""], ""Intel® QuickAssist Technology (QAT)"": [""3 default devices""], ""Intel® Dynamic Load Balancer (DLB)"": [""3 default devices""], ""Intel® Data Streaming Accelerator (DSA)"": [""3 default devices""], ""Intel® In-memory Analytics Accelerator (IAA)"": [""3 default devices""], ""Intel® Advanced Matrix Extensions (AMX)"": [""Yes""], ""Intel® Speed Select Technology – Core Power"": [""Yes""], ""Intel® Speed Select Technology – Turbo Frequency"": [""Yes""], ""Intel® Deep Learning Boost (Intel® DL Boost) on CPU"": [""Yes""], ""Intel® Speed Select Technology - Performance Profile"": [""No""], ""Intel® Speed Select Technology - Base Frequency"": [""Yes""], ""High Priority Cores"": [""12""], ""High Priority Core Frequency"": [""2.6 GHz""], ""Low Priority Cores"": [""36""], ""Low Priority Core Frequency"": [""2.1 GHz""], ""Intel® Resource Director Technology (Intel® RDT)"": [""Yes""], ""Intel® Speed Shift Technology"": [""Yes""], ""Intel® Turbo Boost Technology ‡"": [""2.0""], ""Intel® Hyper-Threading Technology ‡"": [""Yes""], ""Intel® Transactional Synchronization Extensions"": [""Yes""], ""Intel® 64 ‡"": [""Yes""], ""Instruction Set Extensions"": [""Intel® AMX, Intel® SSE4.2, Intel® AVX, Intel® AVX2, Intel® AVX-512""], ""# of AVX-512 FMA Units"": [""2""], ""Intel® Volume Management Device (VMD)"": [""Yes""], ""Intel® Trust Domain Extensions (Intel® TDX)"": [""Yes""], ""Intel® Secure Key"": [""Yes""], ""Intel® Crypto Acceleration"": [""Yes""], ""Intel® QuickAssist Software Acceleration"": [""Yes""], ""Intel® Platform Firmware Resilience Support"": [""Yes""], ""Intel® Control-Flow Enforcement Technology"": [""Yes""], ""Intel® Total Memory Encryption - Multi Key"": [""Yes""], ""Intel® Total Memory Encryption"": [""Yes""], ""Intel® AES New Instructions"": [""Yes""], ""Intel® Software Guard Extensions (Intel® SGX)"": [""Yes""], ""Default Maximum Enclave Page Cache (EPC) Size for Intel® SGX"": [""128 GB""], ""Intel® OS Guard"": [""Yes""], ""Intel® Trusted Execution Technology ‡"": [""Yes""], ""Execute Disable Bit ‡"": [""Yes""], ""Intel® Boot Guard"": [""Yes""], ""Intel® Run Sure Technology"": [""Yes""], ""Mode-based Execute Control (MBEC)"": [""Yes""], ""Intel® Virtualization Technology (VT-x) ‡"": [""Yes""], ""Intel® Virtualization Technology for Directed I/O (VT-d) ‡"": [""Yes""], ""Intel® VT-x with Extended Page Tables (EPT) ‡"": [""Yes""]}","Intel® Xeon® 6741P processor (288M Cache, 2.50 GHz) FC-LGA18N, Tray",SRVEY,PK8072006304900,https://www.intel.com/content/www/us/en/products/sku/241828/intel-xeon-6741p-processor-288m-cache-2-50-ghz/specifications.html,Intel
Intel® Xeon® 6740P Processor,Q1'25,48,3.8 GHz,2.1 GHz,288 MB,270 W,processor,Intel® Xeon® 6 processors,Products formerly Granite Rapids,Server,6740P,8,4 TB,DDR5(6400MT/s),6400 MHz,Yes,"{""Product Collection"": [""Intel® Xeon® 6 processors""], ""Code Name"": [""Products formerly Granite Rapids""], ""Vertical Segment"": [""Server""], ""Processor Number"": [""6740P""], ""Lithography"": [""Intel 3""], ""Recommended Customer Price"": [""$5208.00""], ""Total Cores"": [""48""], ""Total Threads"": [""96""], ""Max Turbo Frequency"": [""3.8 GHz""], ""All Core Turbo Frequency"": [""3.3 GHz""], ""Processor Base Frequency"": [""2.1 GHz""], ""Cache"": [""288 MB""], ""Intel® UPI Speed"": [""24 GT/s""], ""Max # of UPI Links"": [""4""], ""TDP"": [""270 W""], ""Marketing Status"": [""Launched""], ""Launch Date"": [""Q1'25""], ""Embedded Options Available"": [""Yes""], ""Max Memory Size (dependent on memory type)"": [""4 TB""], ""Memory Types"": [""DDR5(6400MT/s)""], ""Maximum Memory Speed"": [""6400 MHz""], ""Max # of Memory Channels"": [""8""], ""ECC Memory Supported ‡"": [""Yes""], ""Scalability"": [""2S""], ""PCI Express Revision"": [""5.0""], ""Max # of PCI Express Lanes"": [""88""], ""Sockets Supported"": [""FCLGA4710""], ""Package Carrier"": [""E2A""], ""DTS Max"": [""91 °C""], ""TCASE"": [""75 °C""], ""Package Size"": [""77.5mm x 56.5mm""], ""Intel® QuickAssist Technology (QAT)"": [""2 default devices""], ""Intel® Dynamic Load Balancer (DLB)"": [""2 default devices""], ""Intel® Data Streaming Accelerator (DSA)"": [""2 default devices""], ""Intel® In-memory Analytics Accelerator (IAA)"": [""2 default devices""], ""Intel® Advanced Matrix Extensions (AMX)"": [""Yes""], ""Intel® Speed Select Technology – Core Power"": [""Yes""], ""Intel® Speed Select Technology – Turbo Frequency"": [""No""], ""Intel® Deep Learning Boost (Intel® DL Boost) on CPU"": [""Yes""], ""Intel® Speed Select Technology - Performance Profile"": [""No""], ""Intel® Speed Select Technology - Base Frequency"": [""No""], ""Intel® Resource Director Technology (Intel® RDT)"": [""Yes""], ""Intel® Speed Shift Technology"": [""Yes""], ""Intel® Turbo Boost Technology ‡"": [""2.0""], ""Intel® Hyper-Threading Technology ‡"": [""Yes""], ""Intel® Transactional Synchronization Extensions"": [""Yes""], ""Intel® 64 ‡"": [""Yes""], ""Instruction Set Extensions"": [""Intel® AMX, Intel® SSE4.2, Intel® AVX, Intel® AVX2, Intel® AVX-512""], ""# of AVX-512 FMA Units"": [""2""], ""Intel® Volume Management Device (VMD)"": [""Yes""], ""Intel® Trust Domain Extensions (Intel® TDX)"": [""Yes""], ""Intel® Secure Key"": [""Yes""], ""Intel® Crypto Acceleration"": [""Yes""], ""Intel® QuickAssist Software Acceleration"": [""Yes""], ""Intel® Platform Firmware Resilience Support"": [""Yes""], ""Intel® Control-Flow Enforcement Technology"": [""Yes""], ""Intel® Total Memory Encryption - Multi Key"": [""Yes""], ""Intel® Total Memory Encryption"": [""Yes""], ""Intel® AES New Instructions"": [""Yes""], ""Intel® Software Guard Extensions (Intel® SGX)"": [""Yes""], ""Default Maximum Enclave Page Cache (EPC) Size for Intel® SGX"": [""128 GB""], ""Intel® OS Guard"": [""Yes""], ""Intel® Trusted Execution Technology ‡"": [""Yes""], ""Execute Disable Bit ‡"": [""Yes""], ""Intel® Boot Guard"": [""Yes""], ""Intel® Run Sure Technology"": [""Yes""], ""Mode-based Execute Control (MBEC)"": [""Yes""], ""Intel® Virtualization Technology (VT-x) ‡"": [""Yes""], ""Intel® Virtualization Technology for Directed I/O (VT-d) ‡"": [""Yes""], ""Intel® VT-x with Extended Page Tables (EPT) ‡"": [""Yes""]}","Intel® Xeon® 6740P processor (288M Cache, 2.10 GHz) FC-LGA18N, Tray",SRV5H,PK8072006270100,https://www.intel.com/content/www/us/en/products/sku/241838/intel-xeon-6740p-processor-288m-cache-2-10-ghz/specifications.html,Intel
Intel® Xeon® 6738P Processor,Q1'25,32,4.2 GHz,2.9 GHz,144 MB,270 W,processor,Intel® Xeon® 6 processors,Products formerly Granite Rapids,Server,6738P,8,4 TB,DDR5(6400MT/s),6400 MHz,Yes,"{""Product Collection"": [""Intel® Xeon® 6 processors""], ""Code Name"": [""Products formerly Granite Rapids""], ""Vertical Segment"": [""Server""], ""Processor Number"": [""6738P""], ""Lithography"": [""Intel 3""], ""Recommended Customer Price"": [""$7325.00""], ""Total Cores"": [""32""], ""Total Threads"": [""64""], ""Max Turbo Frequency"": [""4.2 GHz""], ""All Core Turbo Frequency"": [""4.1 GHz""], ""Processor Base Frequency"": [""2.9 GHz""], ""Cache"": [""144 MB""], ""Intel® UPI Speed"": [""24 GT/s""], ""Max # of UPI Links"": [""4""], ""TDP"": [""270 W""], ""Marketing Status"": [""Launched""], ""Launch Date"": [""Q1'25""], ""Embedded Options Available"": [""No""], ""Max Memory Size (dependent on memory type)"": [""4 TB""], ""Memory Types"": [""DDR5(6400MT/s)""], ""Maximum Memory Speed"": [""6400 MHz""], ""Max # of Memory Channels"": [""8""], ""ECC Memory Supported ‡"": [""Yes""], ""Scalability"": [""4S_8S""], ""PCI Express Revision"": [""5.0""], ""Max # of PCI Express Lanes"": [""88""], ""Sockets Supported"": [""FCLGA4710""], ""Package Carrier"": [""E2B""], ""DTS Max"": [""102 °C""], ""TCASE"": [""82 °C""], ""Package Size"": [""77.5mm x 56.5mm""], ""Intel® QuickAssist Technology (QAT)"": [""4 default devices""], ""Intel® Dynamic Load Balancer (DLB)"": [""4 default devices""], ""Intel® Data Streaming Accelerator (DSA)"": [""4 default devices""], ""Intel® In-memory Analytics Accelerator (IAA)"": [""4 default devices""], ""Intel® Advanced Matrix Extensions (AMX)"": [""Yes""], ""Intel® Speed Select Technology – Core Power"": [""Yes""], ""Intel® Speed Select Technology – Turbo Frequency"": [""No""], ""Intel® Deep Learning Boost (Intel® DL Boost) on CPU"": [""Yes""], ""Intel® Speed Select Technology - Performance Profile"": [""No""], ""Intel® Speed Select Technology - Base Frequency"": [""Yes""], ""High Priority Cores"": [""12""], ""High Priority Core Frequency"": [""3 GHz""], ""Low Priority Cores"": [""20""], ""Low Priority Core Frequency"": [""2.8 GHz""], ""Intel® Resource Director Technology (Intel® RDT)"": [""Yes""], ""Intel® Speed Shift Technology"": [""Yes""], ""Intel® Turbo Boost Technology ‡"": [""2.0""], ""Intel® Hyper-Threading Technology ‡"": [""Yes""], ""Intel® Transactional Synchronization Extensions"": [""Yes""], ""Intel® 64 ‡"": [""Yes""], ""Instruction Set Extensions"": [""Intel® SSE4.2, Intel® AVX, Intel® AVX2, Intel® AVX-512, Intel® AMX""], ""# of AVX-512 FMA Units"": [""2""], ""Intel® Volume Management Device (VMD)"": [""Yes""], ""Intel® Trust Domain Extensions (Intel® TDX)"": [""Yes""], ""Intel® Secure Key"": [""Yes""], ""Intel® Crypto Acceleration"": [""Yes""], ""Intel® QuickAssist Software Acceleration"": [""Yes""], ""Intel® Platform Firmware Resilience Support"": [""Yes""], ""Intel® Control-Flow Enforcement Technology"": [""Yes""], ""Intel® Total Memory Encryption - Multi Key"": [""Yes""], ""Intel® Total Memory Encryption"": [""Yes""], ""Intel® AES New Instructions"": [""Yes""], ""Intel® Software Guard Extensions (Intel® SGX)"": [""Yes""], ""Default Maximum Enclave Page Cache (EPC) Size for Intel® SGX"": [""512 GB""], ""Intel® OS Guard"": [""Yes""], ""Intel® Trusted Execution Technology ‡"": [""Yes""], ""Execute Disable Bit ‡"": [""Yes""], ""Intel® Boot Guard"": [""Yes""], ""Intel® Run Sure Technology"": [""Yes""], ""Mode-based Execute Control (MBEC)"": [""Yes""], ""Intel® Virtualization Technology (VT-x) ‡"": [""Yes""], ""Intel® Virtualization Technology for Directed I/O (VT-d) ‡"": [""Yes""], ""Intel® VT-x with Extended Page Tables (EPT) ‡"": [""Yes""]}","Intel® Xeon® 6738P processor (144M Cache, 2.90 GHz) FC-LGA18N, Tray","Q7AX, SRVNU","PK8072006246300, PK8072006347900",https://www.intel.com/content/www/us/en/products/sku/242632/intel-xeon-6738p-processor-144m-cache-2-90-ghz/specifications.html,Intel
Intel® Xeon® 6737P Processor,Q1'25,32,4 GHz,2.9 GHz,144 MB,270 W,processor,Intel® Xeon® 6 processors,Products formerly Granite Rapids,Server,6737P,8,4 TB,DDR5(6400MT/s),6400 MHz,Yes,"{""Product Collection"": [""Intel® Xeon® 6 processors""], ""Code Name"": [""Products formerly Granite Rapids""], ""Vertical Segment"": [""Server""], ""Processor Number"": [""6737P""], ""Lithography"": [""Intel 3""], ""Recommended Customer Price"": [""$5594.00""], ""Total Cores"": [""32""], ""Total Threads"": [""64""], ""Max Turbo Frequency"": [""4 GHz""], ""All Core Turbo Frequency"": [""4 GHz""], ""Processor Base Frequency"": [""2.9 GHz""], ""Cache"": [""144 MB""], ""Intel® UPI Speed"": [""24 GT/s""], ""Max # of UPI Links"": [""4""], ""TDP"": [""270 W""], ""Marketing Status"": [""Launched""], ""Launch Date"": [""Q1'25""], ""Embedded Options Available"": [""No""], ""Max Memory Size (dependent on memory type)"": [""4 TB""], ""Memory Types"": [""DDR5(6400MT/s)""], ""Maximum Memory Speed"": [""6400 MHz""], ""Max # of Memory Channels"": [""8""], ""ECC Memory Supported ‡"": [""Yes""], ""Scalability"": [""2S""], ""PCI Express Revision"": [""5.0""], ""Max # of PCI Express Lanes"": [""88""], ""Sockets Supported"": [""FCLGA4710""], ""Package Carrier"": [""E2B""], ""DTS Max"": [""102 °C""], ""TCASE"": [""82 °C""], ""Package Size"": [""77.5mm x 56.5mm""], ""Intel® QuickAssist Technology (QAT)"": [""4 default devices""], ""Intel® Dynamic Load Balancer (DLB)"": [""4 default devices""], ""Intel® Data Streaming Accelerator (DSA)"": [""4 default devices""], ""Intel® In-memory Analytics Accelerator (IAA)"": [""4 default devices""], ""Intel® Advanced Matrix Extensions (AMX)"": [""Yes""], ""Intel® Speed Select Technology – Core Power"": [""Yes""], ""Intel® Speed Select Technology – Turbo Frequency"": [""Yes""], ""Intel® Deep Learning Boost (Intel® DL Boost) on CPU"": [""Yes""], ""Intel® Speed Select Technology - Performance Profile"": [""No""], ""Intel® Speed Select Technology - Base Frequency"": [""Yes""], ""High Priority Cores"": [""12""], ""High Priority Core Frequency"": [""3 GHz""], ""Low Priority Cores"": [""20""], ""Low Priority Core Frequency"": [""2.8 GHz""], ""Intel® Resource Director Technology (Intel® RDT)"": [""Yes""], ""Intel® Speed Shift Technology"": [""Yes""], ""Intel® Turbo Boost Technology ‡"": [""2.0""], ""Intel® Hyper-Threading Technology ‡"": [""Yes""], ""Intel® Transactional Synchronization Extensions"": [""Yes""], ""Intel® 64 ‡"": [""Yes""], ""Instruction Set Extensions"": [""Intel® SSE4.2, Intel® AVX, Intel® AVX2, Intel® AVX-512, Intel® AMX""], ""# of AVX-512 FMA Units"": [""2""], ""Intel® Volume Management Device (VMD)"": [""Yes""], ""Intel® Trust Domain Extensions (Intel® TDX)"": [""Yes""], ""Intel® Secure Key"": [""Yes""], ""Intel® Crypto Acceleration"": [""Yes""], ""Intel® QuickAssist Software Acceleration"": [""Yes""], ""Intel® Platform Firmware Resilience Support"": [""Yes""], ""Intel® Control-Flow Enforcement Technology"": [""Yes""], ""Intel® Total Memory Encryption - Multi Key"": [""Yes""], ""Intel® Total Memory Encryption"": [""Yes""], ""Intel® AES New Instructions"": [""Yes""], ""Intel® Software Guard Extensions (Intel® SGX)"": [""Yes""], ""Default Maximum Enclave Page Cache (EPC) Size for Intel® SGX"": [""512 GB""], ""Intel® OS Guard"": [""Yes""], ""Intel® Trusted Execution Technology ‡"": [""Yes""], ""Execute Disable Bit ‡"": [""Yes""], ""Intel® Boot Guard"": [""Yes""], ""Intel® Run Sure Technology"": [""Yes""], ""Mode-based Execute Control (MBEC)"": [""Yes""], ""Intel® Virtualization Technology (VT-x) ‡"": [""Yes""], ""Intel® Virtualization Technology for Directed I/O (VT-d) ‡"": [""Yes""], ""Intel® VT-x with Extended Page Tables (EPT) ‡"": [""Yes""]}","Intel® Xeon® 6737P processor (144M Cache, 2.90 GHz) FC-LGA18N, Tray",SRVNZ,PK8072006348400,https://www.intel.com/content/www/us/en/products/sku/242628/intel-xeon-6737p-processor-144m-cache-2-90-ghz/specifications.html,Intel
Intel® Xeon® 6736P Processor,Q1'25,36,4.1 GHz,2 GHz,144 MB,205 W,processor,Intel® Xeon® 6 processors,Products formerly Granite Rapids,Server,6736P,8,4 TB,DDR5(6400MT/s),6400 MHz,Yes,"{""Product Collection"": [""Intel® Xeon® 6 processors""], ""Code Name"": [""Products formerly Granite Rapids""], ""Vertical Segment"": [""Server""], ""Processor Number"": [""6736P""], ""Lithography"": [""Intel 3""], ""Recommended Customer Price"": [""$3753.00""], ""Total Cores"": [""36""], ""Total Threads"": [""72""], ""Max Turbo Frequency"": [""4.1 GHz""], ""All Core Turbo Frequency"": [""3.4 GHz""], ""Processor Base Frequency"": [""2 GHz""], ""Cache"": [""144 MB""], ""Intel® UPI Speed"": [""24 GT/s""], ""Max # of UPI Links"": [""4""], ""TDP"": [""205 W""], ""Marketing Status"": [""Launched""], ""Launch Date"": [""Q1'25""], ""Embedded Options Available"": [""Yes""], ""Max Memory Size (dependent on memory type)"": [""4 TB""], ""Memory Types"": [""DDR5(6400MT/s)""], ""Maximum Memory Speed"": [""6400 MHz""], ""Max # of Memory Channels"": [""8""], ""ECC Memory Supported ‡"": [""Yes""], ""Scalability"": [""2S""], ""PCI Express Revision"": [""5.0""], ""Max # of PCI Express Lanes"": [""88""], ""Sockets Supported"": [""FCLGA4710""], ""Package Carrier"": [""E2B""], ""DTS Max"": [""98 °C""], ""TCASE"": [""87 °C""], ""Package Size"": [""77.5mm x 56.5mm""], ""Intel® QuickAssist Technology (QAT)"": [""4 default devices""], ""Intel® Dynamic Load Balancer (DLB)"": [""4 default devices""], ""Intel® Data Streaming Accelerator (DSA)"": [""4 default devices""], ""Intel® In-memory Analytics Accelerator (IAA)"": [""4 default devices""], ""Intel® Advanced Matrix Extensions (AMX)"": [""Yes""], ""Intel® Speed Select Technology – Core Power"": [""Yes""], ""Intel® Speed Select Technology – Turbo Frequency"": [""Yes""], ""Intel® Deep Learning Boost (Intel® DL Boost) on CPU"": [""Yes""], ""Intel® Speed Select Technology - Performance Profile"": [""Yes""], ""Intel® Speed Select Technology - Base Frequency"": [""Yes""], ""High Priority Cores"": [""12""], ""High Priority Core Frequency"": [""2.1 GHz""], ""Low Priority Cores"": [""24""], ""Low Priority Core Frequency"": [""1.9 GHz""], ""Intel® Resource Director Technology (Intel® RDT)"": [""Yes""], ""Intel® Speed Shift Technology"": [""Yes""], ""Intel® Turbo Boost Technology ‡"": [""2.0""], ""Intel® Hyper-Threading Technology ‡"": [""Yes""], ""Intel® Transactional Synchronization Extensions"": [""Yes""], ""Intel® 64 ‡"": [""Yes""], ""Instruction Set Extensions"": [""Intel® SSE4.2, Intel® AVX, Intel® AVX2, Intel® AVX-512, Intel® AMX""], ""# of AVX-512 FMA Units"": [""2""], ""Intel® Volume Management Device (VMD)"": [""Yes""], ""Intel® Trust Domain Extensions (Intel® TDX)"": [""Yes""], ""Intel® Secure Key"": [""Yes""], ""Intel® Crypto Acceleration"": [""Yes""], ""Intel® QuickAssist Software Acceleration"": [""Yes""], ""Intel® Platform Firmware Resilience Support"": [""Yes""], ""Intel® Control-Flow Enforcement Technology"": [""Yes""], ""Intel® Total Memory Encryption - Multi Key"": [""Yes""], ""Intel® Total Memory Encryption"": [""Yes""], ""Intel® AES New Instructions"": [""Yes""], ""Intel® Software Guard Extensions (Intel® SGX)"": [""Yes""], ""Default Maximum Enclave Page Cache (EPC) Size for Intel® SGX"": [""512 GB""], ""Intel® OS Guard"": [""Yes""], ""Intel® Trusted Execution Technology ‡"": [""Yes""], ""Execute Disable Bit ‡"": [""Yes""], ""Intel® Boot Guard"": [""Yes""], ""Intel® Run Sure Technology"": [""Yes""], ""Mode-based Execute Control (MBEC)"": [""Yes""], ""Intel® Virtualization Technology (VT-x) ‡"": [""Yes""], ""Intel® Virtualization Technology for Directed I/O (VT-d) ‡"": [""Yes""], ""Intel® VT-x with Extended Page Tables (EPT) ‡"": [""Yes""]}","Intel® Xeon® 6736P processor (144M Cache, 2.00 GHz) FC-LGA18N, Tray",SRVNW,PK8072006348100,https://www.intel.com/content/www/us/en/products/sku/242638/intel-xeon-6736p-processor-144m-cache-2-00-ghz/specifications.html,Intel
Intel® Xeon® 6731P Processor,Q1'25,32,4.1 GHz,2.5 GHz,144 MB,245 W,processor,Intel® Xeon® 6 processors,Products formerly Granite Rapids,Server,6731P,8,4 TB,DDR5(6400MT/s),6400 MHz,Yes,"{""Product Collection"": [""Intel® Xeon® 6 processors""], ""Code Name"": [""Products formerly Granite Rapids""], ""Vertical Segment"": [""Server""], ""Processor Number"": [""6731P""], ""Lithography"": [""Intel 3""], ""Recommended Customer Price"": [""$3024.00""], ""Total Cores"": [""32""], ""Total Threads"": [""64""], ""Max Turbo Frequency"": [""4.1 GHz""], ""All Core Turbo Frequency"": [""3.9 GHz""], ""Processor Base Frequency"": [""2.5 GHz""], ""Cache"": [""144 MB""], ""TDP"": [""245 W""], ""Marketing Status"": [""Launched""], ""Launch Date"": [""Q1'25""], ""Embedded Options Available"": [""Yes""], ""Max Memory Size (dependent on memory type)"": [""4 TB""], ""Memory Types"": [""DDR5(6400MT/s)""], ""Maximum Memory Speed"": [""6400 MHz""], ""Max # of Memory Channels"": [""8""], ""ECC Memory Supported ‡"": [""Yes""], ""Scalability"": [""1S""], ""PCI Express Revision"": [""5.0""], ""Max # of PCI Express Lanes"": [""136""], ""Sockets Supported"": [""FCLGA4710""], ""Package Carrier"": [""E2B""], ""DTS Max"": [""102 °C""], ""TCASE"": [""84 °C""], ""Package Size"": [""77.5mm x 56.5mm""], ""Intel® QuickAssist Technology (QAT)"": [""3 default devices""], ""Intel® Dynamic Load Balancer (DLB)"": [""3 default devices""], ""Intel® Data Streaming Accelerator (DSA)"": [""3 default devices""], ""Intel® In-memory Analytics Accelerator (IAA)"": [""3 default devices""], ""Intel® Advanced Matrix Extensions (AMX)"": [""Yes""], ""Intel® Speed Select Technology – Core Power"": [""Yes""], ""Intel® Speed Select Technology – Turbo Frequency"": [""Yes""], ""Intel® Deep Learning Boost (Intel® DL Boost) on CPU"": [""Yes""], ""Intel® Speed Select Technology - Performance Profile"": [""Yes""], ""Intel® Speed Select Technology - Base Frequency"": [""Yes""], ""High Priority Cores"": [""12""], ""High Priority Core Frequency"": [""2.6 GHz""], ""Low Priority Cores"": [""20""], ""Low Priority Core Frequency"": [""2.4 GHz""], ""Intel® Resource Director Technology (Intel® RDT)"": [""Yes""], ""Intel® Speed Shift Technology"": [""Yes""], ""Intel® Turbo Boost Technology ‡"": [""2.0""], ""Intel® Hyper-Threading Technology ‡"": [""Yes""], ""Intel® Transactional Synchronization Extensions"": [""Yes""], ""Intel® 64 ‡"": [""Yes""], ""Instruction Set Extensions"": [""Intel® SSE4.2, Intel® AVX, Intel® AVX2, Intel® AVX-512, Intel® AMX""], ""# of AVX-512 FMA Units"": [""2""], ""Intel® Volume Management Device (VMD)"": [""Yes""], ""Intel® Trust Domain Extensions (Intel® TDX)"": [""Yes""], ""Intel® Secure Key"": [""Yes""], ""Intel® Crypto Acceleration"": [""Yes""], ""Intel® QuickAssist Software Acceleration"": [""Yes""], ""Intel® Platform Firmware Resilience Support"": [""Yes""], ""Intel® Control-Flow Enforcement Technology"": [""Yes""], ""Intel® Total Memory Encryption - Multi Key"": [""Yes""], ""Intel® Total Memory Encryption"": [""Yes""], ""Intel® AES New Instructions"": [""Yes""], ""Intel® Software Guard Extensions (Intel® SGX)"": [""Yes""], ""Default Maximum Enclave Page Cache (EPC) Size for Intel® SGX"": [""128 GB""], ""Intel® OS Guard"": [""Yes""], ""Intel® Trusted Execution Technology ‡"": [""Yes""], ""Execute Disable Bit ‡"": [""Yes""], ""Intel® Boot Guard"": [""Yes""], ""Intel® Run Sure Technology"": [""Yes""], ""Mode-based Execute Control (MBEC)"": [""Yes""], ""Intel® Virtualization Technology (VT-x) ‡"": [""Yes""], ""Intel® Virtualization Technology for Directed I/O (VT-d) ‡"": [""Yes""], ""Intel® VT-x with Extended Page Tables (EPT) ‡"": [""Yes""]}","Intel® Xeon® 6731P processor (144M Cache, 2.50 GHz) FC-LGA18N, Tray",SRVNR,PK8072006347600,https://www.intel.com/content/www/us/en/products/sku/242635/intel-xeon-6731p-processor-144m-cache-2-50-ghz/specifications.html,Intel
Intel® Xeon® 6730P Processor,Q1'25,32,3.8 GHz,2.5 GHz,288 MB,250 W,processor,Intel® Xeon® 6 processors,Products formerly Granite Rapids,Server,6730P,8,4 TB,DDR5(6400MT/s),6400 MHz,Yes,"{""Product Collection"": [""Intel® Xeon® 6 processors""], ""Code Name"": [""Products formerly Granite Rapids""], ""Vertical Segment"": [""Server""], ""Processor Number"": [""6730P""], ""Lithography"": [""Intel 3""], ""Recommended Customer Price"": [""$4173.00""], ""Total Cores"": [""32""], ""Total Threads"": [""64""], ""Max Turbo Frequency"": [""3.8 GHz""], ""All Core Turbo Frequency"": [""3.6 GHz""], ""Processor Base Frequency"": [""2.5 GHz""], ""Cache"": [""288 MB""], ""Intel® UPI Speed"": [""24 GT/s""], ""Max # of UPI Links"": [""4""], ""TDP"": [""250 W""], ""Marketing Status"": [""Launched""], ""Launch Date"": [""Q1'25""], ""Embedded Options Available"": [""No""], ""Max Memory Size (dependent on memory type)"": [""4 TB""], ""Memory Types"": [""DDR5(6400MT/s)""], ""Maximum Memory Speed"": [""6400 MHz""], ""Max # of Memory Channels"": [""8""], ""ECC Memory Supported ‡"": [""Yes""], ""Scalability"": [""2S""], ""PCI Express Revision"": [""5.0""], ""Max # of PCI Express Lanes"": [""88""], ""Sockets Supported"": [""FCLGA4710""], ""Package Carrier"": [""E2A""], ""DTS Max"": [""94 °C""], ""TCASE"": [""79 °C""], ""Package Size"": [""77.5mm x 56.5mm""], ""Intel® QuickAssist Technology (QAT)"": [""4 default devices""], ""Intel® Dynamic Load Balancer (DLB)"": [""4 default devices""], ""Intel® Data Streaming Accelerator (DSA)"": [""4 default devices""], ""Intel® In-memory Analytics Accelerator (IAA)"": [""4 default devices""], ""Intel® Advanced Matrix Extensions (AMX)"": [""Yes""], ""Intel® Speed Select Technology – Core Power"": [""Yes""], ""Intel® Speed Select Technology – Turbo Frequency"": [""No""], ""Intel® Deep Learning Boost (Intel® DL Boost) on CPU"": [""Yes""], ""Intel® Speed Select Technology - Performance Profile"": [""No""], ""Intel® Speed Select Technology - Base Frequency"": [""No""], ""Intel® Resource Director Technology (Intel® RDT)"": [""Yes""], ""Intel® Speed Shift Technology"": [""Yes""], ""Intel® Turbo Boost Technology ‡"": [""2.0""], ""Intel® Hyper-Threading Technology ‡"": [""Yes""], ""Intel® Transactional Synchronization Extensions"": [""Yes""], ""Intel® 64 ‡"": [""Yes""], ""Instruction Set Extensions"": [""Intel® AMX, Intel® SSE4.2, Intel® AVX, Intel® AVX2, Intel® AVX-512""], ""# of AVX-512 FMA Units"": [""2""], ""Intel® Volume Management Device (VMD)"": [""Yes""], ""Intel® Trust Domain Extensions (Intel® TDX)"": [""Yes""], ""Intel® Secure Key"": [""Yes""], ""Intel® Crypto Acceleration"": [""Yes""], ""Intel® QuickAssist Software Acceleration"": [""Yes""], ""Intel® Platform Firmware Resilience Support"": [""Yes""], ""Intel® Control-Flow Enforcement Technology"": [""Yes""], ""Intel® Total Memory Encryption - Multi Key"": [""Yes""], ""Intel® Total Memory Encryption"": [""Yes""], ""Intel® AES New Instructions"": [""Yes""], ""Intel® Software Guard Extensions (Intel® SGX)"": [""Yes""], ""Default Maximum Enclave Page Cache (EPC) Size for Intel® SGX"": [""512 GB""], ""Intel® OS Guard"": [""Yes""], ""Intel® Trusted Execution Technology ‡"": [""Yes""], ""Execute Disable Bit ‡"": [""Yes""], ""Intel® Boot Guard"": [""Yes""], ""Intel® Run Sure Technology"": [""Yes""], ""Mode-based Execute Control (MBEC)"": [""Yes""], ""Intel® Virtualization Technology (VT-x) ‡"": [""Yes""], ""Intel® Virtualization Technology for Directed I/O (VT-d) ‡"": [""Yes""], ""Intel® VT-x with Extended Page Tables (EPT) ‡"": [""Yes""]}","Intel® Xeon® 6730P processor (288M Cache, 2.50 GHz) FC-LGA18N, Tray",SRV5R,PK8072006270900,https://www.intel.com/content/www/us/en/products/sku/241830/intel-xeon-6730p-processor-288m-cache-2-50-ghz/specifications.html,Intel
Intel® Xeon® 6728P Processor,Q1'25,24,4.1 GHz,2.7 GHz,144 MB,210 W,processor,Intel® Xeon® 6 processors,Products formerly Granite Rapids,Server,6728P,8,4 TB,DDR5(6400MT/s),6400 MHz,Yes,"{""Product Collection"": [""Intel® Xeon® 6 processors""], ""Code Name"": [""Products formerly Granite Rapids""], ""Vertical Segment"": [""Server""], ""Processor Number"": [""6728P""], ""Lithography"": [""Intel 3""], ""Recommended Customer Price"": [""$2775.00""], ""Total Cores"": [""24""], ""Total Threads"": [""48""], ""Max Turbo Frequency"": [""4.1 GHz""], ""All Core Turbo Frequency"": [""3.9 GHz""], ""Processor Base Frequency"": [""2.7 GHz""], ""Cache"": [""144 MB""], ""Intel® UPI Speed"": [""24 GT/s""], ""Max # of UPI Links"": [""4""], ""TDP"": [""210 W""], ""Marketing Status"": [""Launched""], ""Launch Date"": [""Q1'25""], ""Embedded Options Available"": [""No""], ""Max Memory Size (dependent on memory type)"": [""4 TB""], ""Memory Types"": [""DDR5(6400MT/s)""], ""Maximum Memory Speed"": [""6400 MHz""], ""Max # of Memory Channels"": [""8""], ""ECC Memory Supported ‡"": [""Yes""], ""Scalability"": [""4S_8S""], ""PCI Express Revision"": [""5.0""], ""Max # of PCI Express Lanes"": [""88""], ""Sockets Supported"": [""FCLGA4710""], ""Package Carrier"": [""E2B""], ""DTS Max"": [""97 °C""], ""TCASE"": [""79 °C""], ""Package Size"": [""77.5mm x 56.5mm""], ""Intel® QuickAssist Technology (QAT)"": [""4 default devices""], ""Intel® Dynamic Load Balancer (DLB)"": [""4 default devices""], ""Intel® Data Streaming Accelerator (DSA)"": [""4 default devices""], ""Intel® In-memory Analytics Accelerator (IAA)"": [""4 default devices""], ""Intel® Advanced Matrix Extensions (AMX)"": [""Yes""], ""Intel® Speed Select Technology – Core Power"": [""Yes""], ""Intel® Speed Select Technology – Turbo Frequency"": [""No""], ""Intel® Deep Learning Boost (Intel® DL Boost) on CPU"": [""Yes""], ""Intel® Speed Select Technology - Performance Profile"": [""Yes""], ""Intel® Speed Select Technology - Base Frequency"": [""Yes""], ""High Priority Cores"": [""8""], ""High Priority Core Frequency"": [""2.8 GHz""], ""Low Priority Cores"": [""16""], ""Low Priority Core Frequency"": [""2.5 GHz""], ""Intel® Resource Director Technology (Intel® RDT)"": [""Yes""], ""Intel® Speed Shift Technology"": [""Yes""], ""Intel® Turbo Boost Technology ‡"": [""2.0""], ""Intel® Hyper-Threading Technology ‡"": [""Yes""], ""Intel® Transactional Synchronization Extensions"": [""Yes""], ""Intel® 64 ‡"": [""Yes""], ""Instruction Set Extensions"": [""Intel® SSE4.2, Intel® AVX, Intel® AVX2, Intel® AVX-512, Intel® AMX""], ""# of AVX-512 FMA Units"": [""2""], ""Intel® Volume Management Device (VMD)"": [""Yes""], ""Intel® Trust Domain Extensions (Intel® TDX)"": [""Yes""], ""Intel® Secure Key"": [""Yes""], ""Intel® Crypto Acceleration"": [""Yes""], ""Intel® QuickAssist Software Acceleration"": [""Yes""], ""Intel® Platform Firmware Resilience Support"": [""Yes""], ""Intel® Control-Flow Enforcement Technology"": [""Yes""], ""Intel® Total Memory Encryption - Multi Key"": [""Yes""], ""Intel® Total Memory Encryption"": [""Yes""], ""Intel® AES New Instructions"": [""Yes""], ""Intel® Software Guard Extensions (Intel® SGX)"": [""Yes""], ""Default Maximum Enclave Page Cache (EPC) Size for Intel® SGX"": [""512 GB""], ""Intel® OS Guard"": [""Yes""], ""Intel® Trusted Execution Technology ‡"": [""Yes""], ""Execute Disable Bit ‡"": [""Yes""], ""Intel® Boot Guard"": [""Yes""], ""Intel® Run Sure Technology"": [""Yes""], ""Mode-based Execute Control (MBEC)"": [""Yes""], ""Intel® Virtualization Technology (VT-x) ‡"": [""Yes""], ""Intel® Virtualization Technology for Directed I/O (VT-d) ‡"": [""Yes""], ""Intel® VT-x with Extended Page Tables (EPT) ‡"": [""Yes""]}","Intel® Xeon® 6728P processor (144M Cache, 2.70 GHz) FC-LGA18N, Tray",SRVP3,PK8072006348601,https://www.intel.com/content/www/us/en/products/sku/242643/intel-xeon-6728p-processor-144m-cache-2-70-ghz/specifications.html,Intel
Intel® Xeon® 6726P-B Processor,Q1'25,42,3.5 GHz,2.3 GHz,168 MB,235 W,processor,Intel® Xeon® 6 processors,Products formerly Granite Rapids-D,Server,6726P-B,4,1.13 TB,DDR5,6400 MHz,Yes,"{""Product Collection"": [""Intel® Xeon® 6 processors""], ""Code Name"": [""Products formerly Granite Rapids-D""], ""Vertical Segment"": [""Server""], ""Processor Number"": [""6726P-B""], ""Lithography"": [""Intel 3""], ""Recommended Customer Price"": [""$4250.00""], ""Total Cores"": [""42""], ""# of Performance-cores"": [""42""], ""Total Threads"": [""84""], ""Max Turbo Frequency"": [""3.5 GHz""], ""Processor Base Frequency"": [""2.3 GHz""], ""Cache"": [""168 MB""], ""Max # of UPI Links"": [""0""], ""TDP"": [""235 W""], ""Intel® Deep Learning Boost (Intel® DL Boost) on CPU"": [""Yes""], ""Marketing Status"": [""Launched""], ""Launch Date"": [""Q1'25""], ""Servicing Status"": [""Baseline Servicing""], ""Embedded Options Available"": [""Yes""], ""Use Conditions"": [""Communications Commercial Temp""], ""Max Memory Size (dependent on memory type)"": [""1.13 TB""], ""Memory Types"": [""DDR5""], ""Maximum Memory Speed"": [""6400 MHz""], ""Max # of Memory Channels"": [""4""], ""Intel® Optane™ Persistent Memory Supported"": [""No""], ""ECC Memory Supported ‡"": [""Yes""], ""Scalability"": [""1S Only""], ""PCI Express Revision"": [""Gen 4, Gen 5""], ""PCI Express Configurations ‡"": [""32 Lanes Gen 5; 16 Lanes Gen 4""], ""Max # of PCI Express Lanes"": [""48""], ""Integrated LAN"": [""yes""], ""Sockets Supported"": [""FCBGA4368""], ""TCASE"": [""85""], ""Package Size"": [""77.5mm x 50mm""], ""Intel® vRAN Boost"": [""Yes""], ""Intel® QuickAssist Technology (QAT)"": [""1 default devices""], ""Intel® Dynamic Load Balancer (DLB)"": [""1 default devices""], ""Intel® Data Streaming Accelerator (DSA)"": [""1 default devices""], ""Intel® In-memory Analytics Accelerator (IAA)"": [""0 default devices""], ""Intel® Advanced Matrix Extensions (AMX)"": [""Yes""], ""Intel® Speed Select Technology – Core Power"": [""No""], ""Intel® Speed Select Technology – Turbo Frequency"": [""No""], ""Intel® Speed Select Technology - Performance Profile"": [""No""], ""Intel® Speed Select Technology - Base Frequency"": [""No""], ""Intel® Resource Director Technology (Intel® RDT)"": [""Yes""], ""Intel® Optane™ Memory Supported ‡"": [""No""], ""Intel® Speed Shift Technology"": [""No""], ""Intel® Turbo Boost Technology ‡"": [""2.0""], ""Intel® Hyper-Threading Technology ‡"": [""Yes""], ""Intel® 64 ‡"": [""Yes""], ""Instruction Set"": [""64-bit""], ""Instruction Set Extensions"": [""Intel® AMX, Intel® SSE4.2, Intel® AVX, Intel® AVX2, Intel® AVX-512""], ""# of AVX-512 FMA Units"": [""2""], ""Enhanced Intel SpeedStep® Technology"": [""No""], ""Integrated Intel® QuickAssist Technology"": [""Yes""], ""Intel® Volume Management Device (VMD)"": [""Yes""], ""Intel® Trust Domain Extensions (Intel® TDX)"": [""Yes""], ""Intel® QuickAssist Software Acceleration"": [""Yes""], ""Intel® Total Memory Encryption - Multi Key"": [""Yes""], ""Intel® Total Memory Encryption"": [""Yes""], ""Intel® AES New Instructions"": [""Yes""], ""Intel® Software Guard Extensions (Intel® SGX)"": [""Yes with Intel® SPS""], ""Intel® Trusted Execution Technology ‡"": [""Yes""], ""Execute Disable Bit ‡"": [""Yes""], ""Intel® Boot Guard"": [""Yes""], ""Intel® Run Sure Technology"": [""Yes""], ""Mode-based Execute Control (MBEC)"": [""Yes""], ""Intel® Platform Firmware Resilience Support"": [""Yes""], ""Default Maximum Enclave Page Cache (EPC) Size for Intel® SGX"": [""512 GB""], ""Intel® Crypto Acceleration"": [""Yes""], ""Intel® Virtualization Technology (VT-x) ‡"": [""Yes""], ""Intel® Virtualization Technology for Directed I/O (VT-d) ‡"": [""Yes""], ""Intel® VT-x with Extended Page Tables (EPT) ‡"": [""Yes""]}","Intel® Xeon® 6726P-B processor (168M Cache, 2.30 GHz) FC--BGA18N, Tray",SRWFY,HA8072004834299,https://www.intel.com/content/www/us/en/products/sku/242896/intel-xeon-6726pb-processor-168m-cache-2-30-ghz/specifications.html,Intel
Intel® Xeon® 6724P Processor,Q1'25,16,4.3 GHz,3.6 GHz,72 MB,210 W,processor,Intel® Xeon® 6 processors,Products formerly Granite Rapids,Server,6724P,8,4 TB,DDR5(6400MT/s),6400 MHz,Yes,"{""Product Collection"": [""Intel® Xeon® 6 processors""], ""Code Name"": [""Products formerly Granite Rapids""], ""Vertical Segment"": [""Server""], ""Processor Number"": [""6724P""], ""Lithography"": [""Intel 3""], ""Recommended Customer Price"": [""$4057.00""], ""Total Cores"": [""16""], ""Total Threads"": [""32""], ""Max Turbo Frequency"": [""4.3 GHz""], ""All Core Turbo Frequency"": [""4.2 GHz""], ""Processor Base Frequency"": [""3.6 GHz""], ""Cache"": [""72 MB""], ""Intel® UPI Speed"": [""24 GT/s""], ""Max # of UPI Links"": [""3""], ""TDP"": [""210 W""], ""Marketing Status"": [""Launched""], ""Launch Date"": [""Q1'25""], ""Embedded Options Available"": [""No""], ""Max Memory Size (dependent on memory type)"": [""4 TB""], ""Memory Types"": [""DDR5(6400MT/s)""], ""Maximum Memory Speed"": [""6400 MHz""], ""Max # of Memory Channels"": [""8""], ""ECC Memory Supported ‡"": [""Yes""], ""Scalability"": [""4S_8S""], ""PCI Express Revision"": [""5.0""], ""Max # of PCI Express Lanes"": [""88""], ""Sockets Supported"": [""FCLGA4710""], ""Package Carrier"": [""E2B""], ""DTS Max"": [""103 °C""], ""TCASE"": [""74 °C""], ""Package Size"": [""77.5mm x 56.5mm""], ""Intel® QuickAssist Technology (QAT)"": [""2 default devices""], ""Intel® Dynamic Load Balancer (DLB)"": [""2 default devices""], ""Intel® Data Streaming Accelerator (DSA)"": [""2 default devices""], ""Intel® In-memory Analytics Accelerator (IAA)"": [""2 default devices""], ""Intel® Advanced Matrix Extensions (AMX)"": [""Yes""], ""Intel® Speed Select Technology – Core Power"": [""Yes""], ""Intel® Speed Select Technology – Turbo Frequency"": [""No""], ""Intel® Deep Learning Boost (Intel® DL Boost) on CPU"": [""Yes""], ""Intel® Speed Select Technology - Performance Profile"": [""No""], ""Intel® Speed Select Technology - Base Frequency"": [""No""], ""Intel® Resource Director Technology (Intel® RDT)"": [""Yes""], ""Intel® Speed Shift Technology"": [""Yes""], ""Intel® Turbo Boost Technology ‡"": [""2.0""], ""Intel® Hyper-Threading Technology ‡"": [""Yes""], ""Intel® Transactional Synchronization Extensions"": [""Yes""], ""Intel® 64 ‡"": [""Yes""], ""Instruction Set Extensions"": [""Intel® AMX, Intel® SSE4.2, Intel® AVX, Intel® AVX2, Intel® AVX-512""], ""# of AVX-512 FMA Units"": [""2""], ""Intel® Volume Management Device (VMD)"": [""Yes""], ""Intel® Trust Domain Extensions (Intel® TDX)"": [""Yes""], ""Intel® Secure Key"": [""Yes""], ""Intel® Crypto Acceleration"": [""Yes""], ""Intel® QuickAssist Software Acceleration"": [""Yes""], ""Intel® Platform Firmware Resilience Support"": [""Yes""], ""Intel® Control-Flow Enforcement Technology"": [""Yes""], ""Intel® Total Memory Encryption - Multi Key"": [""Yes""], ""Intel® Total Memory Encryption"": [""Yes""], ""Intel® AES New Instructions"": [""Yes""], ""Intel® Software Guard Extensions (Intel® SGX)"": [""Yes""], ""Default Maximum Enclave Page Cache (EPC) Size for Intel® SGX"": [""512 GB""], ""Intel® OS Guard"": [""Yes""], ""Intel® Trusted Execution Technology ‡"": [""Yes""], ""Execute Disable Bit ‡"": [""Yes""], ""Intel® Boot Guard"": [""Yes""], ""Intel® Run Sure Technology"": [""Yes""], ""Mode-based Execute Control (MBEC)"": [""Yes""], ""Intel® Virtualization Technology (VT-x) ‡"": [""Yes""], ""Intel® Virtualization Technology for Directed I/O (VT-d) ‡"": [""Yes""], ""Intel® VT-x with Extended Page Tables (EPT) ‡"": [""Yes""]}","Intel® Xeon® 6724P processor (72M Cache, 3.60 GHz) FC-LGA18N, Tray",SRVUA,PK8072006398900,https://www.intel.com/content/www/us/en/products/sku/242670/intel-xeon-6724p-processor-72m-cache-3-60-ghz/specifications.html,Intel
Intel® Xeon® 6714P Processor,Q1'25,8,4.3 GHz,4 GHz,48 MB,165 W,processor,Intel® Xeon® 6 processors,Products formerly Granite Rapids,Server,6714P,8,4 TB,DDR5(6400MT/s),6400 MHz,Yes,"{""Product Collection"": [""Intel® Xeon® 6 processors""], ""Code Name"": [""Products formerly Granite Rapids""], ""Vertical Segment"": [""Server""], ""Processor Number"": [""6714P""], ""Lithography"": [""Intel 3""], ""Recommended Customer Price"": [""$3154.00""], ""Total Cores"": [""8""], ""Total Threads"": [""16""], ""Max Turbo Frequency"": [""4.3 GHz""], ""All Core Turbo Frequency"": [""4.3 GHz""], ""Processor Base Frequency"": [""4 GHz""], ""Cache"": [""48 MB""], ""Intel® UPI Speed"": [""24 GT/s""], ""Max # of UPI Links"": [""3""], ""TDP"": [""165 W""], ""Marketing Status"": [""Launched""], ""Launch Date"": [""Q1'25""], ""Embedded Options Available"": [""No""], ""Max Memory Size (dependent on memory type)"": [""4 TB""], ""Memory Types"": [""DDR5(6400MT/s)""], ""Maximum Memory Speed"": [""6400 MHz""], ""Max # of Memory Channels"": [""8""], ""ECC Memory Supported ‡"": [""Yes""], ""Scalability"": [""4S_8S""], ""PCI Express Revision"": [""5.0""], ""Max # of PCI Express Lanes"": [""88""], ""Sockets Supported"": [""FCLGA4710""], ""Package Carrier"": [""E2B""], ""DTS Max"": [""102 °C""], ""TCASE"": [""67 °C""], ""Package Size"": [""77.5mm x 56.5mm""], ""Intel® QuickAssist Technology (QAT)"": [""2 default devices""], ""Intel® Dynamic Load Balancer (DLB)"": [""2 default devices""], ""Intel® Data Streaming Accelerator (DSA)"": [""2 default devices""], ""Intel® In-memory Analytics Accelerator (IAA)"": [""2 default devices""], ""Intel® Advanced Matrix Extensions (AMX)"": [""Yes""], ""Intel® Speed Select Technology – Core Power"": [""Yes""], ""Intel® Speed Select Technology – Turbo Frequency"": [""No""], ""Intel® Deep Learning Boost (Intel® DL Boost) on CPU"": [""Yes""], ""Intel® Speed Select Technology - Performance Profile"": [""No""], ""Intel® Speed Select Technology - Base Frequency"": [""No""], ""Intel® Resource Director Technology (Intel® RDT)"": [""Yes""], ""Intel® Speed Shift Technology"": [""Yes""], ""Intel® Turbo Boost Technology ‡"": [""2.0""], ""Intel® Hyper-Threading Technology ‡"": [""Yes""], ""Intel® Transactional Synchronization Extensions"": [""Yes""], ""Intel® 64 ‡"": [""Yes""], ""Instruction Set Extensions"": [""Intel® AMX, Intel® SSE4.2, Intel® AVX, Intel® AVX2, Intel® AVX-512""], ""# of AVX-512 FMA Units"": [""2""], ""Intel® Volume Management Device (VMD)"": [""Yes""], ""Intel® Trust Domain Extensions (Intel® TDX)"": [""Yes""], ""Intel® Secure Key"": [""Yes""], ""Intel® Crypto Acceleration"": [""Yes""], ""Intel® QuickAssist Software Acceleration"": [""Yes""], ""Intel® Platform Firmware Resilience Support"": [""Yes""], ""Intel® Control-Flow Enforcement Technology"": [""Yes""], ""Intel® Total Memory Encryption - Multi Key"": [""Yes""], ""Intel® Total Memory Encryption"": [""Yes""], ""Intel® AES New Instructions"": [""Yes""], ""Intel® Software Guard Extensions (Intel® SGX)"": [""Yes""], ""Default Maximum Enclave Page Cache (EPC) Size for Intel® SGX"": [""512 GB""], ""Intel® OS Guard"": [""Yes""], ""Intel® Trusted Execution Technology ‡"": [""Yes""], ""Execute Disable Bit ‡"": [""Yes""], ""Intel® Boot Guard"": [""Yes""], ""Intel® Run Sure Technology"": [""Yes""], ""Mode-based Execute Control (MBEC)"": [""Yes""], ""Intel® Virtualization Technology (VT-x) ‡"": [""Yes""], ""Intel® Virtualization Technology for Directed I/O (VT-d) ‡"": [""Yes""], ""Intel® VT-x with Extended Page Tables (EPT) ‡"": [""Yes""]}","Intel® Xeon® 6714P processor (48M Cache, 4.00 GHz) FC-LGA18N, Tray",SRVUC,PK8072006399000,https://www.intel.com/content/www/us/en/products/sku/242671/intel-xeon-6714p-processor-48m-cache-4-00-ghz/specifications.html,Intel
Intel® Xeon® 6706P-B Processor,Q1'25,40,3.5 GHz,2.5 GHz,160 MB,235 W,processor,Intel® Xeon® 6 processors,Products formerly Granite Rapids-D,Server,6706P-B,4,1.13 TB,DDR5,6400 MHz,Yes,"{""Product Collection"": [""Intel® Xeon® 6 processors""], ""Code Name"": [""Products formerly Granite Rapids-D""], ""Vertical Segment"": [""Server""], ""Processor Number"": [""6706P-B""], ""Lithography"": [""Intel 3""], ""Recommended Customer Price"": [""$3584.00""], ""Total Cores"": [""40""], ""# of Performance-cores"": [""40""], ""Total Threads"": [""80""], ""Max Turbo Frequency"": [""3.5 GHz""], ""Processor Base Frequency"": [""2.5 GHz""], ""Cache"": [""160 MB""], ""Max # of UPI Links"": [""0""], ""TDP"": [""235 W""], ""Intel® Deep Learning Boost (Intel® DL Boost) on CPU"": [""Yes""], ""Marketing Status"": [""Launched""], ""Launch Date"": [""Q1'25""], ""Servicing Status"": [""Baseline Servicing""], ""Embedded Options Available"": [""Yes""], ""Use Conditions"": [""Communications Commercial Temp""], ""Max Memory Size (dependent on memory type)"": [""1.13 TB""], ""Memory Types"": [""DDR5""], ""Maximum Memory Speed"": [""6400 MHz""], ""Max # of Memory Channels"": [""4""], ""Intel® Optane™ Persistent Memory Supported"": [""No""], ""ECC Memory Supported ‡"": [""Yes""], ""Scalability"": [""1S Only""], ""PCI Express Revision"": [""Gen 4, Gen 5""], ""PCI Express Configurations ‡"": [""32 Lanes Gen 5; 16 Lanes Gen 4""], ""Max # of PCI Express Lanes"": [""48""], ""Integrated LAN"": [""yes""], ""Sockets Supported"": [""FCBGA4368""], ""TCASE"": [""85""], ""Package Size"": [""77.5mm x 50mm""], ""Intel® vRAN Boost"": [""Yes""], ""Intel® QuickAssist Technology (QAT)"": [""1 default devices""], ""Intel® Dynamic Load Balancer (DLB)"": [""1 default devices""], ""Intel® Data Streaming Accelerator (DSA)"": [""1 default devices""], ""Intel® In-memory Analytics Accelerator (IAA)"": [""0 default devices""], ""Intel® Advanced Matrix Extensions (AMX)"": [""Yes""], ""Intel® Speed Select Technology – Core Power"": [""No""], ""Intel® Speed Select Technology – Turbo Frequency"": [""No""], ""Intel® Speed Select Technology - Performance Profile"": [""No""], ""Intel® Speed Select Technology - Base Frequency"": [""No""], ""Intel® Resource Director Technology (Intel® RDT)"": [""Yes""], ""Intel® Optane™ Memory Supported ‡"": [""No""], ""Intel® Speed Shift Technology"": [""No""], ""Intel® Turbo Boost Technology ‡"": [""2.0""], ""Intel® Hyper-Threading Technology ‡"": [""Yes""], ""Intel® 64 ‡"": [""Yes""], ""Instruction Set"": [""64-bit""], ""Instruction Set Extensions"": [""Intel® AMX, Intel® SSE4.2, Intel® AVX, Intel® AVX2, Intel® AVX-512""], ""# of AVX-512 FMA Units"": [""2""], ""Enhanced Intel SpeedStep® Technology"": [""No""], ""Integrated Intel® QuickAssist Technology"": [""Yes""], ""Intel® Volume Management Device (VMD)"": [""Yes""], ""Intel® Trust Domain Extensions (Intel® TDX)"": [""Yes""], ""Intel® QuickAssist Software Acceleration"": [""Yes""], ""Intel® Total Memory Encryption - Multi Key"": [""Yes""], ""Intel® Total Memory Encryption"": [""Yes""], ""Intel® AES New Instructions"": [""Yes""], ""Intel® Software Guard Extensions (Intel® SGX)"": [""Yes with Intel® SPS""], ""Intel® Trusted Execution Technology ‡"": [""Yes""], ""Execute Disable Bit ‡"": [""Yes""], ""Intel® Boot Guard"": [""Yes""], ""Intel® Run Sure Technology"": [""Yes""], ""Mode-based Execute Control (MBEC)"": [""Yes""], ""Intel® Platform Firmware Resilience Support"": [""Yes""], ""Default Maximum Enclave Page Cache (EPC) Size for Intel® SGX"": [""512 GB""], ""Intel® Crypto Acceleration"": [""Yes""], ""Intel® Virtualization Technology (VT-x) ‡"": [""Yes""], ""Intel® Virtualization Technology for Directed I/O (VT-d) ‡"": [""Yes""], ""Intel® VT-x with Extended Page Tables (EPT) ‡"": [""Yes""]}","Intel® Xeon® 6706P-B processor (160M Cache, 2.50 GHz) FC--BGA18N, Tray",SRWGD,HA8072004834266,https://www.intel.com/content/www/us/en/products/sku/242905/intel-xeon-6706pb-processor-160m-cache-2-50-ghz/specifications.html,Intel
Intel® Xeon® 6563P-B Processor,Q1'25,38,4 GHz,2.4 GHz,152 MB,235 W,processor,Intel® Xeon® 6 processors,Products formerly Granite Rapids-D,Server,6563P-B,4,1.13 TB,DDR5,6400 MHz,Yes,"{""Product Collection"": [""Intel® Xeon® 6 processors""], ""Code Name"": [""Products formerly Granite Rapids-D""], ""Vertical Segment"": [""Server""], ""Processor Number"": [""6563P-B""], ""Lithography"": [""Intel 3""], ""Recommended Customer Price"": [""$2930.00""], ""Total Cores"": [""38""], ""# of Performance-cores"": [""38""], ""Total Threads"": [""76""], ""Max Turbo Frequency"": [""4 GHz""], ""Processor Base Frequency"": [""2.4 GHz""], ""Cache"": [""152 MB""], ""TDP"": [""235 W""], ""Intel® Deep Learning Boost (Intel® DL Boost) on CPU"": [""Yes""], ""Marketing Status"": [""Launched""], ""Launch Date"": [""Q1'25""], ""Servicing Status"": [""Baseline Servicing""], ""Embedded Options Available"": [""Yes""], ""Use Conditions"": [""Communications Commercial Temp""], ""Max Memory Size (dependent on memory type)"": [""1.13 TB""], ""Memory Types"": [""DDR5""], ""Maximum Memory Speed"": [""6400 MHz""], ""Max # of Memory Channels"": [""4""], ""Intel® Optane™ Persistent Memory Supported"": [""No""], ""ECC Memory Supported ‡"": [""Yes""], ""Scalability"": [""1S Only""], ""PCI Express Revision"": [""Gen 4, Gen 5""], ""PCI Express Configurations ‡"": [""32 Lanes Gen 5; 16 Lanes Gen 4""], ""Max # of PCI Express Lanes"": [""48""], ""Integrated LAN"": [""yes""], ""Sockets Supported"": [""FCBGA4368""], ""TCASE"": [""85""], ""Package Size"": [""77.5mm x 50mm""], ""Intel® Media Transcode Accelerator"": [""Yes""], ""Intel® vRAN Boost"": [""No""], ""Intel® QuickAssist Technology (QAT)"": [""2 default devices""], ""Intel® Dynamic Load Balancer (DLB)"": [""1 default devices""], ""Intel® Data Streaming Accelerator (DSA)"": [""1 default devices""], ""Intel® In-memory Analytics Accelerator (IAA)"": [""0 default devices""], ""Intel® Advanced Matrix Extensions (AMX)"": [""Yes""], ""Intel® Speed Select Technology – Core Power"": [""No""], ""Intel® Speed Select Technology – Turbo Frequency"": [""No""], ""Intel® Speed Select Technology - Performance Profile"": [""Yes""], ""Intel® Speed Select Technology - Base Frequency"": [""No""], ""Intel® Resource Director Technology (Intel® RDT)"": [""Yes""], ""Intel® Optane™ Memory Supported ‡"": [""No""], ""Intel® Speed Shift Technology"": [""No""], ""Intel® Turbo Boost Technology ‡"": [""2.0""], ""Intel® Hyper-Threading Technology ‡"": [""Yes""], ""Intel® 64 ‡"": [""Yes""], ""Instruction Set"": [""64-bit""], ""Instruction Set Extensions"": [""Intel® AMX, Intel® SSE4.2, Intel® AVX, Intel® AVX2, Intel® AVX-512""], ""# of AVX-512 FMA Units"": [""2""], ""Enhanced Intel SpeedStep® Technology"": [""No""], ""Integrated Intel® QuickAssist Technology"": [""Yes""], ""Intel® Volume Management Device (VMD)"": [""Yes""], ""Intel® Trust Domain Extensions (Intel® TDX)"": [""Yes""], ""Intel® QuickAssist Software Acceleration"": [""Yes""], ""Intel® Total Memory Encryption - Multi Key"": [""Yes""], ""Intel® Total Memory Encryption"": [""Yes""], ""Intel® AES New Instructions"": [""Yes""], ""Intel® Software Guard Extensions (Intel® SGX)"": [""Yes with Intel® SPS""], ""Intel® Trusted Execution Technology ‡"": [""Yes""], ""Execute Disable Bit ‡"": [""Yes""], ""Intel® Boot Guard"": [""Yes""], ""Intel® Run Sure Technology"": [""Yes""], ""Mode-based Execute Control (MBEC)"": [""Yes""], ""Intel® Platform Firmware Resilience Support"": [""Yes""], ""Default Maximum Enclave Page Cache (EPC) Size for Intel® SGX"": [""512 GB""], ""Intel® Crypto Acceleration"": [""Yes""], ""Intel® Virtualization Technology (VT-x) ‡"": [""Yes""], ""Intel® Virtualization Technology for Directed I/O (VT-d) ‡"": [""Yes""], ""Intel® VT-x with Extended Page Tables (EPT) ‡"": [""Yes""]}","Intel® Xeon® 6563P-B processor (152M Cache, 2.40 GHz) FC--BGA18N, Tray",SRWG4,HA8072004834258,https://www.intel.com/content/www/us/en/products/sku/242906/intel-xeon-6563pb-processor-152m-cache-2-40-ghz/specifications.html,Intel
Intel® Xeon® 6556P-B Processor,Q1'25,36,3.5 GHz,2.3 GHz,144 MB,215 W,processor,Intel® Xeon® 6 processors,Products formerly Granite Rapids-D,Server,6556P-B,4,1.13 TB,DDR5,6400 MHz,Yes,"{""Product Collection"": [""Intel® Xeon® 6 processors""], ""Code Name"": [""Products formerly Granite Rapids-D""], ""Vertical Segment"": [""Server""], ""Processor Number"": [""6556P-B""], ""Lithography"": [""Intel 3""], ""Recommended Customer Price"": [""$2943.00""], ""Total Cores"": [""36""], ""# of Performance-cores"": [""36""], ""Total Threads"": [""72""], ""Max Turbo Frequency"": [""3.5 GHz""], ""Processor Base Frequency"": [""2.3 GHz""], ""Cache"": [""144 MB""], ""TDP"": [""215 W""], ""Intel® Deep Learning Boost (Intel® DL Boost) on CPU"": [""Yes""], ""Marketing Status"": [""Launched""], ""Launch Date"": [""Q1'25""], ""Servicing Status"": [""Baseline Servicing""], ""Embedded Options Available"": [""Yes""], ""Use Conditions"": [""Communications Extended Temp""], ""Max Memory Size (dependent on memory type)"": [""1.13 TB""], ""Memory Types"": [""DDR5""], ""Maximum Memory Speed"": [""6400 MHz""], ""Max # of Memory Channels"": [""4""], ""Intel® Optane™ Persistent Memory Supported"": [""No""], ""ECC Memory Supported ‡"": [""Yes""], ""Scalability"": [""1S Only""], ""PCI Express Revision"": [""Gen 4, Gen 5""], ""PCI Express Configurations ‡"": [""32 Lanes Gen 5; 16 Lanes Gen 4""], ""Max # of PCI Express Lanes"": [""48""], ""Integrated LAN"": [""yes""], ""Sockets Supported"": [""FCBGA4368""], ""TCASE"": [""85""], ""Package Size"": [""77.5mm x 50mm""], ""Intel® vRAN Boost"": [""Yes""], ""Intel® QuickAssist Technology (QAT)"": [""1 default devices""], ""Intel® Dynamic Load Balancer (DLB)"": [""1 default devices""], ""Intel® Data Streaming Accelerator (DSA)"": [""1 default devices""], ""Intel® In-memory Analytics Accelerator (IAA)"": [""0 default devices""], ""Intel® Advanced Matrix Extensions (AMX)"": [""Yes""], ""Intel® Speed Select Technology – Core Power"": [""No""], ""Intel® Speed Select Technology – Turbo Frequency"": [""No""], ""Intel® Speed Select Technology - Performance Profile"": [""No""], ""Intel® Speed Select Technology - Base Frequency"": [""No""], ""Intel® Resource Director Technology (Intel® RDT)"": [""Yes""], ""Intel® Optane™ Memory Supported ‡"": [""No""], ""Intel® Speed Shift Technology"": [""No""], ""Intel® Turbo Boost Technology ‡"": [""2.0""], ""Intel® Hyper-Threading Technology ‡"": [""Yes""], ""Intel® 64 ‡"": [""Yes""], ""Instruction Set"": [""64-bit""], ""Instruction Set Extensions"": [""Intel® AMX, Intel® SSE4.2, Intel® AVX, Intel® AVX2, Intel® AVX-512""], ""# of AVX-512 FMA Units"": [""2""], ""Enhanced Intel SpeedStep® Technology"": [""No""], ""Integrated Intel® QuickAssist Technology"": [""Yes""], ""Intel® Volume Management Device (VMD)"": [""Yes""], ""Intel® Trust Domain Extensions (Intel® TDX)"": [""Yes""], ""Intel® QuickAssist Software Acceleration"": [""Yes""], ""Intel® Total Memory Encryption - Multi Key"": [""Yes""], ""Intel® Total Memory Encryption"": [""Yes""], ""Intel® AES New Instructions"": [""Yes""], ""Intel® Software Guard Extensions (Intel® SGX)"": [""Yes with Intel® SPS""], ""Intel® Trusted Execution Technology ‡"": [""Yes""], ""Execute Disable Bit ‡"": [""Yes""], ""Intel® Boot Guard"": [""Yes""], ""Mode-based Execute Control (MBEC)"": [""Yes""], ""Intel® Platform Firmware Resilience Support"": [""Yes""], ""Default Maximum Enclave Page Cache (EPC) Size for Intel® SGX"": [""512 GB""], ""Intel® Crypto Acceleration"": [""Yes""], ""Intel® Virtualization Technology (VT-x) ‡"": [""Yes""], ""Intel® Virtualization Technology for Directed I/O (VT-d) ‡"": [""Yes""], ""Intel® VT-x with Extended Page Tables (EPT) ‡"": [""Yes""]}","Intel® Xeon® 6556P-B processor (144M Cache, 2.30 GHz) FC--BGA18N, Tray",SRWG2,HA8072004834291,https://www.intel.com/content/www/us/en/products/sku/242907/intel-xeon-6556pb-processor-144m-cache-2-30-ghz/specifications.html,Intel
Intel® Xeon® 6553P-B Processor,Q1'25,36,4 GHz,2.6 GHz,144 MB,235 W,processor,Intel® Xeon® 6 processors,Products formerly Granite Rapids-D,Server,6553P-B,4,1.13 TB,DDR5,6400 MHz,Yes,"{""Product Collection"": [""Intel® Xeon® 6 processors""], ""Code Name"": [""Products formerly Granite Rapids-D""], ""Vertical Segment"": [""Server""], ""Processor Number"": [""6553P-B""], ""Lithography"": [""Intel 3""], ""Recommended Customer Price"": [""$2690.00""], ""Total Cores"": [""36""], ""# of Performance-cores"": [""36""], ""Total Threads"": [""72""], ""Max Turbo Frequency"": [""4 GHz""], ""Processor Base Frequency"": [""2.6 GHz""], ""Cache"": [""144 MB""], ""TDP"": [""235 W""], ""Intel® Deep Learning Boost (Intel® DL Boost) on CPU"": [""Yes""], ""Marketing Status"": [""Launched""], ""Launch Date"": [""Q1'25""], ""Servicing Status"": [""Baseline Servicing""], ""Embedded Options Available"": [""Yes""], ""Use Conditions"": [""Communications Commercial Temp""], ""Max Memory Size (dependent on memory type)"": [""1.13 TB""], ""Memory Types"": [""DDR5""], ""Maximum Memory Speed"": [""6400 MHz""], ""Max # of Memory Channels"": [""4""], ""Intel® Optane™ Persistent Memory Supported"": [""No""], ""ECC Memory Supported ‡"": [""Yes""], ""Integrated LAN"": [""yes""], ""Sockets Supported"": [""FCBGA4368""], ""TCASE"": [""85""], ""Package Size"": [""77.5mm x 50mm""], ""Intel® Media Transcode Accelerator"": [""Yes""], ""Intel® vRAN Boost"": [""No""], ""Intel® QuickAssist Technology (QAT)"": [""2 default devices""], ""Intel® Dynamic Load Balancer (DLB)"": [""1 default devices""], ""Intel® Data Streaming Accelerator (DSA)"": [""1 default devices""], ""Intel® In-memory Analytics Accelerator (IAA)"": [""0 default devices""], ""Intel® Advanced Matrix Extensions (AMX)"": [""Yes""], ""Intel® Speed Select Technology – Core Power"": [""No""], ""Intel® Speed Select Technology – Turbo Frequency"": [""No""], ""Intel® Speed Select Technology - Performance Profile"": [""No""], ""Intel® Speed Select Technology - Base Frequency"": [""No""], ""Intel® Resource Director Technology (Intel® RDT)"": [""Yes""], ""Intel® Optane™ Memory Supported ‡"": [""No""], ""Intel® Speed Shift Technology"": [""No""], ""Intel® Turbo Boost Technology ‡"": [""2.0""], ""Intel® Hyper-Threading Technology ‡"": [""Yes""], ""Intel® 64 ‡"": [""Yes""], ""Instruction Set"": [""64-bit""], ""Instruction Set Extensions"": [""Intel® AMX, Intel® SSE4.2, Intel® AVX, Intel® AVX2, Intel® AVX-512""], ""# of AVX-512 FMA Units"": [""2""], ""Enhanced Intel SpeedStep® Technology"": [""No""], ""Integrated Intel® QuickAssist Technology"": [""Yes""], ""Intel® Volume Management Device (VMD)"": [""Yes""], ""Intel® Trust Domain Extensions (Intel® TDX)"": [""Yes""], ""Intel® QuickAssist Software Acceleration"": [""Yes""], ""Intel® Total Memory Encryption - Multi Key"": [""Yes""], ""Intel® Total Memory Encryption"": [""Yes""], ""Intel® AES New Instructions"": [""Yes""], ""Intel® Software Guard Extensions (Intel® SGX)"": [""Yes with Intel® SPS""], ""Intel® Trusted Execution Technology ‡"": [""Yes""], ""Execute Disable Bit ‡"": [""Yes""], ""Intel® Boot Guard"": [""Yes""], ""Intel® Run Sure Technology"": [""Yes""], ""Mode-based Execute Control (MBEC)"": [""Yes""], ""Intel® Platform Firmware Resilience Support"": [""Yes""], ""Default Maximum Enclave Page Cache (EPC) Size for Intel® SGX"": [""512 GB""], ""Intel® Crypto Acceleration"": [""Yes""], ""Intel® Virtualization Technology (VT-x) ‡"": [""Yes""], ""Intel® Virtualization Technology for Directed I/O (VT-d) ‡"": [""Yes""], ""Intel® VT-x with Extended Page Tables (EPT) ‡"": [""Yes""]}","Intel® Xeon® 6553P-B processor (144M Cache, 2.60 GHz) FC--BGA18N, Tray",SRWG5,HA8072004834297,https://www.intel.com/content/www/us/en/products/sku/242904/intel-xeon-6553pb-processor-144m-cache-2-60-ghz/specifications.html,Intel
Intel® Xeon® 6546P-B Processor,Q1'25,32,3.5 GHz,2.3 GHz,128 MB,195 W,processor,Intel® Xeon® 6 processors,Products formerly Granite Rapids-D,Server,6546P-B,4,1.13 TB,DDR5,6400 MHz,Yes,"{""Product Collection"": [""Intel® Xeon® 6 processors""], ""Code Name"": [""Products formerly Granite Rapids-D""], ""Vertical Segment"": [""Server""], ""Processor Number"": [""6546P-B""], ""Lithography"": [""Intel 3""], ""Recommended Customer Price"": [""$2652.00""], ""Total Cores"": [""32""], ""# of Performance-cores"": [""32""], ""Total Threads"": [""64""], ""Max Turbo Frequency"": [""3.5 GHz""], ""Processor Base Frequency"": [""2.3 GHz""], ""Cache"": [""128 MB""], ""Max # of UPI Links"": [""0""], ""TDP"": [""195 W""], ""Intel® Deep Learning Boost (Intel® DL Boost) on CPU"": [""Yes""], ""Marketing Status"": [""Launched""], ""Launch Date"": [""Q1'25""], ""Servicing Status"": [""Baseline Servicing""], ""Embedded Options Available"": [""Yes""], ""Use Conditions"": [""Communications Commercial Temp""], ""Max Memory Size (dependent on memory type)"": [""1.13 TB""], ""Memory Types"": [""DDR5""], ""Maximum Memory Speed"": [""6400 MHz""], ""Max # of Memory Channels"": [""4""], ""Intel® Optane™ Persistent Memory Supported"": [""No""], ""ECC Memory Supported ‡"": [""Yes""], ""Scalability"": [""1S Only""], ""PCI Express Revision"": [""Gen 4, Gen 5""], ""PCI Express Configurations ‡"": [""32 Lanes Gen 5; 16 Lanes Gen 4""], ""Max # of PCI Express Lanes"": [""48""], ""Integrated LAN"": [""yes""], ""Sockets Supported"": [""FCBGA4368""], ""TCASE"": [""85""], ""Package Size"": [""77.5mm x 50mm""], ""Intel® vRAN Boost"": [""Yes""], ""Intel® QuickAssist Technology (QAT)"": [""1 default devices""], ""Intel® Dynamic Load Balancer (DLB)"": [""1 default devices""], ""Intel® Data Streaming Accelerator (DSA)"": [""1 default devices""], ""Intel® In-memory Analytics Accelerator (IAA)"": [""0 default devices""], ""Intel® Advanced Matrix Extensions (AMX)"": [""Yes""], ""Intel® Speed Select Technology – Core Power"": [""No""], ""Intel® Speed Select Technology – Turbo Frequency"": [""No""], ""Intel® Speed Select Technology - Performance Profile"": [""No""], ""Intel® Speed Select Technology - Base Frequency"": [""No""], ""Intel® Resource Director Technology (Intel® RDT)"": [""Yes""], ""Intel® Optane™ Memory Supported ‡"": [""No""], ""Intel® Speed Shift Technology"": [""No""], ""Intel® Turbo Boost Technology ‡"": [""2.0""], ""Intel® Hyper-Threading Technology ‡"": [""Yes""], ""Intel® 64 ‡"": [""Yes""], ""Instruction Set"": [""64-bit""], ""Instruction Set Extensions"": [""Intel® AMX, Intel® SSE4.2, Intel® AVX, Intel® AVX2, Intel® AVX-512""], ""# of AVX-512 FMA Units"": [""2""], ""Enhanced Intel SpeedStep® Technology"": [""No""], ""Integrated Intel® QuickAssist Technology"": [""Yes""], ""Intel® Volume Management Device (VMD)"": [""Yes""], ""Intel® Trust Domain Extensions (Intel® TDX)"": [""Yes""], ""Intel® QuickAssist Software Acceleration"": [""Yes""], ""Intel® Total Memory Encryption - Multi Key"": [""Yes""], ""Intel® Total Memory Encryption"": [""Yes""], ""Intel® AES New Instructions"": [""Yes""], ""Intel® Software Guard Extensions (Intel® SGX)"": [""Yes with Intel® SPS""], ""Intel® Trusted Execution Technology ‡"": [""Yes""], ""Execute Disable Bit ‡"": [""Yes""], ""Intel® Boot Guard"": [""Yes""], ""Intel® Run Sure Technology"": [""Yes""], ""Mode-based Execute Control (MBEC)"": [""Yes""], ""Intel® Platform Firmware Resilience Support"": [""Yes""], ""Default Maximum Enclave Page Cache (EPC) Size for Intel® SGX"": [""512 GB""], ""Intel® Crypto Acceleration"": [""Yes""], ""Intel® Virtualization Technology (VT-x) ‡"": [""Yes""], ""Intel® Virtualization Technology for Directed I/O (VT-d) ‡"": [""Yes""], ""Intel® VT-x with Extended Page Tables (EPT) ‡"": [""Yes""]}","Intel® Xeon® 6546P-B processor (128M Cache, 2.30 GHz) FC--BGA18N, Tray",SRWFZ,HA8072004834290,https://www.intel.com/content/www/us/en/products/sku/242902/intel-xeon-6546pb-processor-128m-cache-2-30-ghz/specifications.html,Intel
Intel® Xeon® 6543P-B Processor,Q1'25,32,3.3 GHz,2 GHz,128 MB,160 W,processor,Intel® Xeon® 6 processors,Products formerly Granite Rapids-D,Server,6543P-B,4,1.13 TB,DDR5,5600 MHz,Yes,"{""Product Collection"": [""Intel® Xeon® 6 processors""], ""Code Name"": [""Products formerly Granite Rapids-D""], ""Vertical Segment"": [""Server""], ""Processor Number"": [""6543P-B""], ""Lithography"": [""Intel 3""], ""Recommended Customer Price"": [""$2471.00""], ""Brief Document"": [""Read product brief""], ""Total Cores"": [""32""], ""# of Performance-cores"": [""32""], ""Total Threads"": [""64""], ""Max Turbo Frequency"": [""3.3 GHz""], ""Processor Base Frequency"": [""2 GHz""], ""Cache"": [""128 MB""], ""TDP"": [""160 W""], ""Intel® Deep Learning Boost (Intel® DL Boost) on CPU"": [""Yes""], ""Marketing Status"": [""Launched""], ""Launch Date"": [""Q1'25""], ""Servicing Status"": [""Baseline Servicing""], ""Embedded Options Available"": [""Yes""], ""Use Conditions"": [""Communications Commercial Temp""], ""Max Memory Size (dependent on memory type)"": [""1.13 TB""], ""Memory Types"": [""DDR5""], ""Maximum Memory Speed"": [""5600 MHz""], ""Max # of Memory Channels"": [""4""], ""Intel® Optane™ Persistent Memory Supported"": [""No""], ""ECC Memory Supported ‡"": [""Yes""], ""Scalability"": [""1S Only""], ""PCI Express Revision"": [""Gen 4, Gen 5""], ""PCI Express Configurations ‡"": [""32 Lanes Gen 5; 16 Lanes Gen 4""], ""Max # of PCI Express Lanes"": [""48""], ""Integrated LAN"": [""yes""], ""Sockets Supported"": [""FCBGA4368""], ""TCASE"": [""85""], ""Package Size"": [""77.5mm x 50mm""], ""Intel® vRAN Boost"": [""No""], ""Intel® QuickAssist Technology (QAT)"": [""1 default devices""], ""Intel® Dynamic Load Balancer (DLB)"": [""1 default devices""], ""Intel® Data Streaming Accelerator (DSA)"": [""1 default devices""], ""Intel® In-memory Analytics Accelerator (IAA)"": [""0 default devices""], ""Intel® Advanced Matrix Extensions (AMX)"": [""Yes""], ""Intel® Speed Select Technology – Core Power"": [""No""], ""Intel® Speed Select Technology – Turbo Frequency"": [""No""], ""Intel® Speed Select Technology - Performance Profile"": [""No""], ""Intel® Speed Select Technology - Base Frequency"": [""No""], ""Intel® Resource Director Technology (Intel® RDT)"": [""Yes""], ""Intel® Optane™ Memory Supported ‡"": [""No""], ""Intel® Speed Shift Technology"": [""No""], ""Intel® Turbo Boost Technology ‡"": [""2.0""], ""Intel® Hyper-Threading Technology ‡"": [""Yes""], ""Intel® 64 ‡"": [""Yes""], ""Instruction Set"": [""64-bit""], ""Instruction Set Extensions"": [""Intel® AMX, Intel® SSE4.2, Intel® AVX, Intel® AVX2, Intel® AVX-512""], ""# of AVX-512 FMA Units"": [""2""], ""Enhanced Intel SpeedStep® Technology"": [""No""], ""Integrated Intel® QuickAssist Technology"": [""Yes""], ""Intel® Volume Management Device (VMD)"": [""Yes""], ""Intel® Trust Domain Extensions (Intel® TDX)"": [""Yes""], ""Intel® QuickAssist Software Acceleration"": [""Yes""], ""Intel® Total Memory Encryption - Multi Key"": [""Yes""], ""Intel® Total Memory Encryption"": [""Yes""], ""Intel® AES New Instructions"": [""Yes""], ""Intel® Software Guard Extensions (Intel® SGX)"": [""Yes with Intel® SPS""], ""Intel® Trusted Execution Technology ‡"": [""Yes""], ""Execute Disable Bit ‡"": [""Yes""], ""Intel® Boot Guard"": [""Yes""], ""Intel® Run Sure Technology"": [""Yes""], ""Mode-based Execute Control (MBEC)"": [""Yes""], ""Intel® Platform Firmware Resilience Support"": [""Yes""], ""Default Maximum Enclave Page Cache (EPC) Size for Intel® SGX"": [""512 GB""], ""Intel® Crypto Acceleration"": [""Yes""], ""Intel® Virtualization Technology (VT-x) ‡"": [""Yes""], ""Intel® Virtualization Technology for Directed I/O (VT-d) ‡"": [""Yes""], ""Intel® VT-x with Extended Page Tables (EPT) ‡"": [""Yes""]}","Intel® Xeon® 6543P-B processor (128M Cache, 2.00 GHz) FC--BGA18N, Tray",SRWG9,HA8072004834262,https://www.intel.com/content/www/us/en/products/sku/242903/intel-xeon-6543pb-processor-128m-cache-2-00-ghz/specifications.html,Intel
Intel® Xeon® 6533P-B Processor,Q1'25,32,3.9 GHz,2.2 GHz,128 MB,205 W,processor,Intel® Xeon® 6 processors,Products formerly Granite Rapids-D,Server,6533P-B,4,1.13 TB,DDR5,5600 MHz,Yes,"{""Product Collection"": [""Intel® Xeon® 6 processors""], ""Code Name"": [""Products formerly Granite Rapids-D""], ""Vertical Segment"": [""Server""], ""Processor Number"": [""6533P-B""], ""Lithography"": [""Intel 3""], ""Recommended Customer Price"": [""$2010.00""], ""Total Cores"": [""32""], ""# of Performance-cores"": [""32""], ""Total Threads"": [""64""], ""Max Turbo Frequency"": [""3.9 GHz""], ""Processor Base Frequency"": [""2.2 GHz""], ""Cache"": [""128 MB""], ""Max # of UPI Links"": [""0""], ""TDP"": [""205 W""], ""Intel® Deep Learning Boost (Intel® DL Boost) on CPU"": [""Yes""], ""Marketing Status"": [""Launched""], ""Launch Date"": [""Q1'25""], ""Servicing Status"": [""Baseline Servicing""], ""Embedded Options Available"": [""Yes""], ""Use Conditions"": [""Communications Commercial Temp""], ""Max Memory Size (dependent on memory type)"": [""1.13 TB""], ""Memory Types"": [""DDR5""], ""Maximum Memory Speed"": [""5600 MHz""], ""Max # of Memory Channels"": [""4""], ""Intel® Optane™ Persistent Memory Supported"": [""No""], ""ECC Memory Supported ‡"": [""Yes""], ""Scalability"": [""1S Only""], ""PCI Express Revision"": [""Gen 4, Gen 5""], ""PCI Express Configurations ‡"": [""32 Lanes Gen 5; 16 Lanes Gen 4""], ""Max # of PCI Express Lanes"": [""48""], ""Integrated LAN"": [""No""], ""Sockets Supported"": [""FCBGA4368""], ""TCASE"": [""85""], ""Package Size"": [""77.5mm x 50mm""], ""Intel® vRAN Boost"": [""No""], ""Intel® QuickAssist Technology (QAT)"": [""2 default devices""], ""Intel® Dynamic Load Balancer (DLB)"": [""1 default devices""], ""Intel® Data Streaming Accelerator (DSA)"": [""1 default devices""], ""Intel® In-memory Analytics Accelerator (IAA)"": [""0 default devices""], ""Intel® Advanced Matrix Extensions (AMX)"": [""Yes""], ""Intel® Speed Select Technology – Core Power"": [""No""], ""Intel® Speed Select Technology – Turbo Frequency"": [""No""], ""Intel® Speed Select Technology - Performance Profile"": [""No""], ""Intel® Speed Select Technology - Base Frequency"": [""No""], ""Intel® Resource Director Technology (Intel® RDT)"": [""Yes""], ""Intel® Optane™ Memory Supported ‡"": [""No""], ""Intel® Speed Shift Technology"": [""No""], ""Intel® Turbo Boost Technology ‡"": [""2.0""], ""Intel® Hyper-Threading Technology ‡"": [""Yes""], ""Intel® 64 ‡"": [""Yes""], ""Instruction Set"": [""64-bit""], ""Instruction Set Extensions"": [""Intel® AMX, Intel® SSE4.2, Intel® AVX, Intel® AVX2, Intel® AVX-512""], ""# of AVX-512 FMA Units"": [""2""], ""Enhanced Intel SpeedStep® Technology"": [""No""], ""Integrated Intel® QuickAssist Technology"": [""Yes""], ""Intel® Volume Management Device (VMD)"": [""Yes""], ""Intel® Trust Domain Extensions (Intel® TDX)"": [""Yes""], ""Intel® QuickAssist Software Acceleration"": [""Yes""], ""Intel® Total Memory Encryption - Multi Key"": [""Yes""], ""Intel® Total Memory Encryption"": [""Yes""], ""Intel® AES New Instructions"": [""Yes""], ""Intel® Software Guard Extensions (Intel® SGX)"": [""Yes with Intel® SPS""], ""Intel® Trusted Execution Technology ‡"": [""Yes""], ""Execute Disable Bit ‡"": [""Yes""], ""Intel® Boot Guard"": [""Yes""], ""Intel® Run Sure Technology"": [""Yes""], ""Mode-based Execute Control (MBEC)"": [""Yes""], ""Intel® Platform Firmware Resilience Support"": [""Yes""], ""Default Maximum Enclave Page Cache (EPC) Size for Intel® SGX"": [""512 GB""], ""Intel® Crypto Acceleration"": [""Yes""], ""Intel® Virtualization Technology (VT-x) ‡"": [""Yes""], ""Intel® Virtualization Technology for Directed I/O (VT-d) ‡"": [""Yes""], ""Intel® VT-x with Extended Page Tables (EPT) ‡"": [""Yes""]}","Intel® Xeon® 6533P-B processor (128M Cache, 2.20 GHz) FC--BGA18N, Tray",SRWGA,HA8072004834268,https://www.intel.com/content/www/us/en/products/sku/242900/intel-xeon-6533pb-processor-128m-cache-2-20-ghz/specifications.html,Intel
Intel® Xeon® 6530P Processor,Q1'25,32,4.1 GHz,2.3 GHz,144 MB,225 W,processor,Intel® Xeon® 6 processors,Products formerly Granite Rapids,Server,6530P,8,4 TB,DDR5(6400MT/s),6400 MHz,Yes,"{""Product Collection"": [""Intel® Xeon® 6 processors""], ""Code Name"": [""Products formerly Granite Rapids""], ""Vertical Segment"": [""Server""], ""Processor Number"": [""6530P""], ""Lithography"": [""Intel 3""], ""Recommended Customer Price"": [""$2502.00""], ""Total Cores"": [""32""], ""Total Threads"": [""64""], ""Max Turbo Frequency"": [""4.1 GHz""], ""All Core Turbo Frequency"": [""3.7 GHz""], ""Processor Base Frequency"": [""2.3 GHz""], ""Cache"": [""144 MB""], ""Intel® UPI Speed"": [""24 GT/s""], ""Max # of UPI Links"": [""4""], ""TDP"": [""225 W""], ""Marketing Status"": [""Launched""], ""Launch Date"": [""Q1'25""], ""Embedded Options Available"": [""Yes""], ""Max Memory Size (dependent on memory type)"": [""4 TB""], ""Memory Types"": [""DDR5(6400MT/s)""], ""Maximum Memory Speed"": [""6400 MHz""], ""Max # of Memory Channels"": [""8""], ""ECC Memory Supported ‡"": [""Yes""], ""Scalability"": [""2S""], ""PCI Express Revision"": [""5.0""], ""Max # of PCI Express Lanes"": [""88""], ""Sockets Supported"": [""FCLGA4710""], ""Package Carrier"": [""E2B""], ""DTS Max"": [""96 °C""], ""TCASE"": [""81 °C""], ""Package Size"": [""77.5mm x 56.5mm""], ""Intel® QuickAssist Technology (QAT)"": [""2 default devices""], ""Intel® Dynamic Load Balancer (DLB)"": [""2 default devices""], ""Intel® Data Streaming Accelerator (DSA)"": [""2 default devices""], ""Intel® In-memory Analytics Accelerator (IAA)"": [""2 default devices""], ""Intel® Advanced Matrix Extensions (AMX)"": [""Yes""], ""Intel® Speed Select Technology – Core Power"": [""Yes""], ""Intel® Speed Select Technology – Turbo Frequency"": [""Yes""], ""Intel® Deep Learning Boost (Intel® DL Boost) on CPU"": [""Yes""], ""Intel® Speed Select Technology - Performance Profile"": [""Yes""], ""Intel® Speed Select Technology - Base Frequency"": [""Yes""], ""High Priority Cores"": [""12""], ""High Priority Core Frequency"": [""2.4 GHz""], ""Low Priority Cores"": [""20""], ""Low Priority Core Frequency"": [""2.2 GHz""], ""Intel® Resource Director Technology (Intel® RDT)"": [""Yes""], ""Intel® Speed Shift Technology"": [""Yes""], ""Intel® Turbo Boost Technology ‡"": [""2.0""], ""Intel® Hyper-Threading Technology ‡"": [""Yes""], ""Intel® Transactional Synchronization Extensions"": [""Yes""], ""Intel® 64 ‡"": [""Yes""], ""Instruction Set Extensions"": [""Intel® SSE4.2, Intel® AVX, Intel® AVX2, Intel® AVX-512, Intel® AMX""], ""# of AVX-512 FMA Units"": [""2""], ""Intel® Volume Management Device (VMD)"": [""Yes""], ""Intel® Trust Domain Extensions (Intel® TDX)"": [""Yes""], ""Intel® Secure Key"": [""Yes""], ""Intel® Crypto Acceleration"": [""Yes""], ""Intel® QuickAssist Software Acceleration"": [""Yes""], ""Intel® Platform Firmware Resilience Support"": [""Yes""], ""Intel® Control-Flow Enforcement Technology"": [""Yes""], ""Intel® Total Memory Encryption - Multi Key"": [""Yes""], ""Intel® Total Memory Encryption"": [""Yes""], ""Intel® AES New Instructions"": [""Yes""], ""Intel® Software Guard Extensions (Intel® SGX)"": [""Yes""], ""Default Maximum Enclave Page Cache (EPC) Size for Intel® SGX"": [""128 GB""], ""Intel® OS Guard"": [""Yes""], ""Intel® Trusted Execution Technology ‡"": [""Yes""], ""Execute Disable Bit ‡"": [""Yes""], ""Intel® Boot Guard"": [""Yes""], ""Intel® Run Sure Technology"": [""Yes""], ""Mode-based Execute Control (MBEC)"": [""Yes""], ""Intel® Virtualization Technology (VT-x) ‡"": [""Yes""], ""Intel® Virtualization Technology for Directed I/O (VT-d) ‡"": [""Yes""], ""Intel® VT-x with Extended Page Tables (EPT) ‡"": [""Yes""]}","Intel® Xeon® 6530P processor (144M Cache, 2.30 GHz) FC-LGA18N, Tray",SRVNP,PK8072006347400,https://www.intel.com/content/www/us/en/products/sku/242636/intel-xeon-6530p-processor-144m-cache-2-30-ghz/specifications.html,Intel
Intel® Xeon® 6527P Processor,Q1'25,24,4.2 GHz,3 GHz,144 MB,255 W,processor,Intel® Xeon® 6 processors,Products formerly Granite Rapids,Server,6527P,8,4 TB,DDR5(6400MT/s),6400 MHz,Yes,"{""Product Collection"": [""Intel® Xeon® 6 processors""], ""Code Name"": [""Products formerly Granite Rapids""], ""Vertical Segment"": [""Server""], ""Processor Number"": [""6527P""], ""Lithography"": [""Intel 3""], ""Recommended Customer Price"": [""$3223.00""], ""Total Cores"": [""24""], ""Total Threads"": [""48""], ""Max Turbo Frequency"": [""4.2 GHz""], ""All Core Turbo Frequency"": [""4.2 GHz""], ""Processor Base Frequency"": [""3 GHz""], ""Cache"": [""144 MB""], ""Intel® UPI Speed"": [""24 GT/s""], ""Max # of UPI Links"": [""4""], ""TDP"": [""255 W""], ""Marketing Status"": [""Launched""], ""Launch Date"": [""Q1'25""], ""Embedded Options Available"": [""No""], ""Max Memory Size (dependent on memory type)"": [""4 TB""], ""Memory Types"": [""DDR5(6400MT/s)""], ""Maximum Memory Speed"": [""6400 MHz""], ""Max # of Memory Channels"": [""8""], ""ECC Memory Supported ‡"": [""Yes""], ""Scalability"": [""2S""], ""PCI Express Revision"": [""5.0""], ""Max # of PCI Express Lanes"": [""88""], ""Sockets Supported"": [""FCLGA4710""], ""Package Carrier"": [""E2B""], ""DTS Max"": [""102 °C""], ""TCASE"": [""79 °C""], ""Package Size"": [""77.5mm x 56.5mm""], ""Intel® QuickAssist Technology (QAT)"": [""4 default devices""], ""Intel® Dynamic Load Balancer (DLB)"": [""4 default devices""], ""Intel® Data Streaming Accelerator (DSA)"": [""4 default devices""], ""Intel® In-memory Analytics Accelerator (IAA)"": [""4 default devices""], ""Intel® Advanced Matrix Extensions (AMX)"": [""Yes""], ""Intel® Speed Select Technology – Core Power"": [""Yes""], ""Intel® Speed Select Technology – Turbo Frequency"": [""Yes""], ""Intel® Deep Learning Boost (Intel® DL Boost) on CPU"": [""Yes""], ""Intel® Speed Select Technology - Performance Profile"": [""No""], ""Intel® Speed Select Technology - Base Frequency"": [""Yes""], ""High Priority Cores"": [""8""], ""High Priority Core Frequency"": [""3.1 GHz""], ""Low Priority Cores"": [""16""], ""Low Priority Core Frequency"": [""2.9 GHz""], ""Intel® Resource Director Technology (Intel® RDT)"": [""Yes""], ""Intel® Speed Shift Technology"": [""Yes""], ""Intel® Turbo Boost Technology ‡"": [""2.0""], ""Intel® Hyper-Threading Technology ‡"": [""Yes""], ""Intel® Transactional Synchronization Extensions"": [""Yes""], ""Intel® 64 ‡"": [""Yes""], ""Instruction Set Extensions"": [""Intel® SSE4.2, Intel® AVX, Intel® AVX2, Intel® AVX-512, Intel® AMX""], ""# of AVX-512 FMA Units"": [""2""], ""Intel® Volume Management Device (VMD)"": [""Yes""], ""Intel® Trust Domain Extensions (Intel® TDX)"": [""Yes""], ""Intel® Secure Key"": [""Yes""], ""Intel® Crypto Acceleration"": [""Yes""], ""Intel® QuickAssist Software Acceleration"": [""Yes""], ""Intel® Platform Firmware Resilience Support"": [""Yes""], ""Intel® Control-Flow Enforcement Technology"": [""Yes""], ""Intel® Total Memory Encryption - Multi Key"": [""Yes""], ""Intel® Total Memory Encryption"": [""Yes""], ""Intel® AES New Instructions"": [""Yes""], ""Intel® Software Guard Extensions (Intel® SGX)"": [""Yes""], ""Default Maximum Enclave Page Cache (EPC) Size for Intel® SGX"": [""512 GB""], ""Intel® OS Guard"": [""Yes""], ""Intel® Trusted Execution Technology ‡"": [""Yes""], ""Execute Disable Bit ‡"": [""Yes""], ""Intel® Boot Guard"": [""Yes""], ""Intel® Run Sure Technology"": [""Yes""], ""Mode-based Execute Control (MBEC)"": [""Yes""], ""Intel® Virtualization Technology (VT-x) ‡"": [""Yes""], ""Intel® Virtualization Technology for Directed I/O (VT-d) ‡"": [""Yes""], ""Intel® VT-x with Extended Page Tables (EPT) ‡"": [""Yes""]}","Intel® Xeon® 6527P processor (144M Cache, 3.00 GHz) FC-LGA18N, Tray",SRVNY,PK8072006348300,https://www.intel.com/content/www/us/en/products/sku/242642/intel-xeon-6527p-processor-144m-cache-3-00-ghz/specifications.html,Intel
Intel® Xeon® 6523P-B Processor,Q1'25,24,3.9 GHz,2.5 GHz,96 MB,175 W,processor,Intel® Xeon® 6 processors,Products formerly Granite Rapids-D,Server,6523P-B,4,1.13 TB,DDR5,5600 MHz,Yes,"{""Product Collection"": [""Intel® Xeon® 6 processors""], ""Code Name"": [""Products formerly Granite Rapids-D""], ""Vertical Segment"": [""Server""], ""Processor Number"": [""6523P-B""], ""Lithography"": [""Intel 3""], ""Recommended Customer Price"": [""$1624.00""], ""Total Cores"": [""24""], ""# of Performance-cores"": [""24""], ""Total Threads"": [""48""], ""Max Turbo Frequency"": [""3.9 GHz""], ""Processor Base Frequency"": [""2.5 GHz""], ""Cache"": [""96 MB""], ""Max # of UPI Links"": [""0""], ""TDP"": [""175 W""], ""Intel® Deep Learning Boost (Intel® DL Boost) on CPU"": [""Yes""], ""Marketing Status"": [""Launched""], ""Launch Date"": [""Q1'25""], ""Servicing Status"": [""Baseline Servicing""], ""Embedded Options Available"": [""Yes""], ""Use Conditions"": [""Communications Commercial Temp""], ""Max Memory Size (dependent on memory type)"": [""1.13 TB""], ""Memory Types"": [""DDR5""], ""Maximum Memory Speed"": [""5600 MHz""], ""Max # of Memory Channels"": [""4""], ""Intel® Optane™ Persistent Memory Supported"": [""No""], ""ECC Memory Supported ‡"": [""Yes""], ""Scalability"": [""1S Only""], ""PCI Express Revision"": [""Gen 4, Gen 5""], ""PCI Express Configurations ‡"": [""32 Lanes Gen 5; 16 Lanes Gen 4""], ""Max # of PCI Express Lanes"": [""48""], ""Integrated LAN"": [""yes""], ""Sockets Supported"": [""FCBGA4368""], ""TCASE"": [""85""], ""Package Size"": [""77.5mm x 50mm""], ""Intel® vRAN Boost"": [""No""], ""Intel® QuickAssist Technology (QAT)"": [""2 default devices""], ""Intel® Dynamic Load Balancer (DLB)"": [""1 default devices""], ""Intel® Data Streaming Accelerator (DSA)"": [""1 default devices""], ""Intel® In-memory Analytics Accelerator (IAA)"": [""0 default devices""], ""Intel® Advanced Matrix Extensions (AMX)"": [""Yes""], ""Intel® Speed Select Technology – Core Power"": [""No""], ""Intel® Speed Select Technology – Turbo Frequency"": [""No""], ""Intel® Speed Select Technology - Performance Profile"": [""Yes""], ""Intel® Speed Select Technology - Base Frequency"": [""No""], ""Intel® Resource Director Technology (Intel® RDT)"": [""Yes""], ""Intel® Optane™ Memory Supported ‡"": [""No""], ""Intel® Speed Shift Technology"": [""No""], ""Intel® Turbo Boost Technology ‡"": [""2.0""], ""Intel® Hyper-Threading Technology ‡"": [""Yes""], ""Intel® 64 ‡"": [""Yes""], ""Instruction Set"": [""64-bit""], ""Instruction Set Extensions"": [""Intel® AMX, Intel® SSE4.2, Intel® AVX, Intel® AVX2, Intel® AVX-512""], ""# of AVX-512 FMA Units"": [""2""], ""Enhanced Intel SpeedStep® Technology"": [""No""], ""Integrated Intel® QuickAssist Technology"": [""Yes""], ""Intel® Volume Management Device (VMD)"": [""Yes""], ""Intel® Trust Domain Extensions (Intel® TDX)"": [""Yes""], ""Intel® QuickAssist Software Acceleration"": [""Yes""], ""Intel® Total Memory Encryption - Multi Key"": [""Yes""], ""Intel® Total Memory Encryption"": [""Yes""], ""Intel® AES New Instructions"": [""Yes""], ""Intel® Software Guard Extensions (Intel® SGX)"": [""Yes with Intel® SPS""], ""Intel® Trusted Execution Technology ‡"": [""Yes""], ""Execute Disable Bit ‡"": [""Yes""], ""Intel® Boot Guard"": [""Yes""], ""Intel® Run Sure Technology"": [""Yes""], ""Mode-based Execute Control (MBEC)"": [""Yes""], ""Intel® Platform Firmware Resilience Support"": [""Yes""], ""Default Maximum Enclave Page Cache (EPC) Size for Intel® SGX"": [""512 GB""], ""Intel® Crypto Acceleration"": [""Yes""], ""Intel® Virtualization Technology (VT-x) ‡"": [""Yes""], ""Intel® Virtualization Technology for Directed I/O (VT-d) ‡"": [""Yes""], ""Intel® VT-x with Extended Page Tables (EPT) ‡"": [""Yes""]}","Intel® Xeon® 6523P-B processor (96M Cache, 2.50 GHz) FC--BGA18N, Tray",SRWGC,HA8072004834264,https://www.intel.com/content/www/us/en/products/sku/242901/intel-xeon-6523pb-processor-96m-cache-2-50-ghz/specifications.html,Intel
Intel® Xeon® 6521P Processor,Q1'25,24,4.1 GHz,2.6 GHz,144 MB,225 W,processor,Intel® Xeon® 6 processors,Products formerly Granite Rapids,Server,6521P,8,4 TB,DDR5(6400MT/s),6400 MHz,Yes,"{""Product Collection"": [""Intel® Xeon® 6 processors""], ""Code Name"": [""Products formerly Granite Rapids""], ""Vertical Segment"": [""Server""], ""Processor Number"": [""6521P""], ""Lithography"": [""Intel 3""], ""Recommended Customer Price"": [""$1500.00""], ""Total Cores"": [""24""], ""Total Threads"": [""48""], ""Max Turbo Frequency"": [""4.1 GHz""], ""All Core Turbo Frequency"": [""4.1 GHz""], ""Processor Base Frequency"": [""2.6 GHz""], ""Cache"": [""144 MB""], ""TDP"": [""225 W""], ""Marketing Status"": [""Launched""], ""Launch Date"": [""Q1'25""], ""Embedded Options Available"": [""Yes""], ""Max Memory Size (dependent on memory type)"": [""4 TB""], ""Memory Types"": [""DDR5(6400MT/s)""], ""Maximum Memory Speed"": [""6400 MHz""], ""Max # of Memory Channels"": [""8""], ""ECC Memory Supported ‡"": [""Yes""], ""Scalability"": [""1S""], ""PCI Express Revision"": [""5.0""], ""Max # of PCI Express Lanes"": [""136""], ""Sockets Supported"": [""FCLGA4710""], ""Package Carrier"": [""E2B""], ""DTS Max"": [""100 °C""], ""TCASE"": [""82 °C""], ""Package Size"": [""77.5mm x 56.5mm""], ""Intel® QuickAssist Technology (QAT)"": [""3 default devices""], ""Intel® Dynamic Load Balancer (DLB)"": [""3 default devices""], ""Intel® Data Streaming Accelerator (DSA)"": [""3 default devices""], ""Intel® In-memory Analytics Accelerator (IAA)"": [""3 default devices""], ""Intel® Advanced Matrix Extensions (AMX)"": [""Yes""], ""Intel® Speed Select Technology – Core Power"": [""Yes""], ""Intel® Speed Select Technology – Turbo Frequency"": [""Yes""], ""Intel® Deep Learning Boost (Intel® DL Boost) on CPU"": [""Yes""], ""Intel® Speed Select Technology - Performance Profile"": [""No""], ""Intel® Speed Select Technology - Base Frequency"": [""Yes""], ""High Priority Cores"": [""8""], ""High Priority Core Frequency"": [""2.7 GHz""], ""Low Priority Cores"": [""16""], ""Low Priority Core Frequency"": [""2.5 GHz""], ""Intel® Resource Director Technology (Intel® RDT)"": [""Yes""], ""Intel® Speed Shift Technology"": [""Yes""], ""Intel® Turbo Boost Technology ‡"": [""2.0""], ""Intel® Hyper-Threading Technology ‡"": [""Yes""], ""Intel® Transactional Synchronization Extensions"": [""Yes""], ""Intel® 64 ‡"": [""Yes""], ""Instruction Set Extensions"": [""Intel® SSE4.2, Intel® AVX, Intel® AVX2, Intel® AVX-512, Intel® AMX""], ""# of AVX-512 FMA Units"": [""2""], ""Intel® Volume Management Device (VMD)"": [""Yes""], ""Intel® Trust Domain Extensions (Intel® TDX)"": [""Yes""], ""Intel® Secure Key"": [""Yes""], ""Intel® Crypto Acceleration"": [""Yes""], ""Intel® QuickAssist Software Acceleration"": [""Yes""], ""Intel® Platform Firmware Resilience Support"": [""Yes""], ""Intel® Control-Flow Enforcement Technology"": [""Yes""], ""Intel® Total Memory Encryption - Multi Key"": [""Yes""], ""Intel® Total Memory Encryption"": [""Yes""], ""Intel® AES New Instructions"": [""Yes""], ""Intel® Software Guard Extensions (Intel® SGX)"": [""Yes""], ""Default Maximum Enclave Page Cache (EPC) Size for Intel® SGX"": [""128 GB""], ""Intel® OS Guard"": [""Yes""], ""Intel® Trusted Execution Technology ‡"": [""Yes""], ""Execute Disable Bit ‡"": [""Yes""], ""Intel® Boot Guard"": [""Yes""], ""Intel® Run Sure Technology"": [""Yes""], ""Mode-based Execute Control (MBEC)"": [""Yes""], ""Intel® Virtualization Technology (VT-x) ‡"": [""Yes""], ""Intel® Virtualization Technology for Directed I/O (VT-d) ‡"": [""Yes""], ""Intel® VT-x with Extended Page Tables (EPT) ‡"": [""Yes""]}","Intel® Xeon® 6521P processor (144M Cache, 2.60 GHz) FC-LGA18N, Tray",SRVNS,PK8072006347700,https://www.intel.com/content/www/us/en/products/sku/242634/intel-xeon-6521p-processor-144m-cache-2-60-ghz/specifications.html,Intel
Intel® Xeon® 6520P Processor,Q1'25,24,4 GHz,2.4 GHz,144 MB,210 W,processor,Intel® Xeon® 6 processors,Products formerly Granite Rapids,Server,6520P,8,4 TB,DDR5(6400MT/s),6400 MHz,Yes,"{""Product Collection"": [""Intel® Xeon® 6 processors""], ""Code Name"": [""Products formerly Granite Rapids""], ""Vertical Segment"": [""Server""], ""Processor Number"": [""6520P""], ""Lithography"": [""Intel 3""], ""Recommended Customer Price"": [""$1554.00""], ""Total Cores"": [""24""], ""Total Threads"": [""48""], ""Max Turbo Frequency"": [""4 GHz""], ""All Core Turbo Frequency"": [""3.4 GHz""], ""Processor Base Frequency"": [""2.4 GHz""], ""Cache"": [""144 MB""], ""Intel® UPI Speed"": [""24 GT/s""], ""Max # of UPI Links"": [""4""], ""TDP"": [""210 W""], ""Marketing Status"": [""Launched""], ""Launch Date"": [""Q1'25""], ""Embedded Options Available"": [""Yes""], ""Max Memory Size (dependent on memory type)"": [""4 TB""], ""Memory Types"": [""DDR5(6400MT/s)""], ""Maximum Memory Speed"": [""6400 MHz""], ""Max # of Memory Channels"": [""8""], ""ECC Memory Supported ‡"": [""Yes""], ""Scalability"": [""2S""], ""PCI Express Revision"": [""5.0""], ""Max # of PCI Express Lanes"": [""88""], ""Sockets Supported"": [""FCLGA4710""], ""Package Carrier"": [""E2B""], ""DTS Max"": [""95 °C""], ""TCASE"": [""79 °C""], ""Package Size"": [""77.5mm x 56.5mm""], ""Intel® QuickAssist Technology (QAT)"": [""2 default devices""], ""Intel® Dynamic Load Balancer (DLB)"": [""2 default devices""], ""Intel® Data Streaming Accelerator (DSA)"": [""2 default devices""], ""Intel® In-memory Analytics Accelerator (IAA)"": [""2 default devices""], ""Intel® Advanced Matrix Extensions (AMX)"": [""Yes""], ""Intel® Speed Select Technology – Core Power"": [""Yes""], ""Intel® Speed Select Technology – Turbo Frequency"": [""Yes""], ""Intel® Deep Learning Boost (Intel® DL Boost) on CPU"": [""Yes""], ""Intel® Speed Select Technology - Performance Profile"": [""Yes""], ""Intel® Speed Select Technology - Base Frequency"": [""Yes""], ""High Priority Cores"": [""8""], ""High Priority Core Frequency"": [""2.5 GHz""], ""Low Priority Cores"": [""16""], ""Low Priority Core Frequency"": [""2.3 GHz""], ""Intel® Resource Director Technology (Intel® RDT)"": [""Yes""], ""Intel® Speed Shift Technology"": [""Yes""], ""Intel® Turbo Boost Technology ‡"": [""2.0""], ""Intel® Hyper-Threading Technology ‡"": [""Yes""], ""Intel® Transactional Synchronization Extensions"": [""Yes""], ""Intel® 64 ‡"": [""Yes""], ""Instruction Set Extensions"": [""Intel® SSE4.2, Intel® AVX, Intel® AVX2, Intel® AVX-512, Intel® AMX""], ""# of AVX-512 FMA Units"": [""2""], ""Intel® Volume Management Device (VMD)"": [""Yes""], ""Intel® Trust Domain Extensions (Intel® TDX)"": [""Yes""], ""Intel® Secure Key"": [""Yes""], ""Intel® Crypto Acceleration"": [""Yes""], ""Intel® QuickAssist Software Acceleration"": [""Yes""], ""Intel® Platform Firmware Resilience Support"": [""Yes""], ""Intel® Control-Flow Enforcement Technology"": [""Yes""], ""Intel® Total Memory Encryption - Multi Key"": [""Yes""], ""Intel® Total Memory Encryption"": [""Yes""], ""Intel® AES New Instructions"": [""Yes""], ""Intel® Software Guard Extensions (Intel® SGX)"": [""Yes""], ""Default Maximum Enclave Page Cache (EPC) Size for Intel® SGX"": [""128 GB""], ""Intel® OS Guard"": [""Yes""], ""Intel® Trusted Execution Technology ‡"": [""Yes""], ""Execute Disable Bit ‡"": [""Yes""], ""Intel® Boot Guard"": [""Yes""], ""Intel® Run Sure Technology"": [""Yes""], ""Mode-based Execute Control (MBEC)"": [""Yes""], ""Intel® Virtualization Technology (VT-x) ‡"": [""Yes""], ""Intel® Virtualization Technology for Directed I/O (VT-d) ‡"": [""Yes""], ""Intel® VT-x with Extended Page Tables (EPT) ‡"": [""Yes""]}","Intel® Xeon® 6520P processor (144M Cache, 2.40 GHz) FC-LGA18N, Tray",SRVNQ,PK8072006347500,https://www.intel.com/content/www/us/en/products/sku/242640/intel-xeon-6520p-processor-144m-cache-2-40-ghz/specifications.html,Intel
Intel® Xeon® 6517P Processor,Q1'25,16,4.2 GHz,3.2 GHz,72 MB,190 W,processor,Intel® Xeon® 6 processors,Products formerly Granite Rapids,Server,6517P,8,4 TB,DDR5(6400MT/s),6400 MHz,Yes,"{""Product Collection"": [""Intel® Xeon® 6 processors""], ""Code Name"": [""Products formerly Granite Rapids""], ""Vertical Segment"": [""Server""], ""Processor Number"": [""6517P""], ""Lithography"": [""Intel 3""], ""Recommended Customer Price"": [""$1434.00""], ""Total Cores"": [""16""], ""Total Threads"": [""32""], ""Max Turbo Frequency"": [""4.2 GHz""], ""All Core Turbo Frequency"": [""4 GHz""], ""Processor Base Frequency"": [""3.2 GHz""], ""Cache"": [""72 MB""], ""Intel® UPI Speed"": [""24 GT/s""], ""Max # of UPI Links"": [""3""], ""TDP"": [""190 W""], ""Marketing Status"": [""Launched""], ""Launch Date"": [""Q1'25""], ""Embedded Options Available"": [""Yes""], ""Max Memory Size (dependent on memory type)"": [""4 TB""], ""Memory Types"": [""DDR5(6400MT/s)""], ""Maximum Memory Speed"": [""6400 MHz""], ""Max # of Memory Channels"": [""8""], ""ECC Memory Supported ‡"": [""Yes""], ""Scalability"": [""2S""], ""PCI Express Revision"": [""5.0""], ""Max # of PCI Express Lanes"": [""88""], ""Sockets Supported"": [""FCLGA4710""], ""Package Carrier"": [""E2B""], ""DTS Max"": [""103 °C""], ""TCASE"": [""79 °C""], ""Package Size"": [""77.5mm x 56.5mm""], ""Intel® QuickAssist Technology (QAT)"": [""2 default devices""], ""Intel® Dynamic Load Balancer (DLB)"": [""2 default devices""], ""Intel® Data Streaming Accelerator (DSA)"": [""2 default devices""], ""Intel® In-memory Analytics Accelerator (IAA)"": [""2 default devices""], ""Intel® Advanced Matrix Extensions (AMX)"": [""Yes""], ""Intel® Speed Select Technology – Core Power"": [""Yes""], ""Intel® Speed Select Technology – Turbo Frequency"": [""No""], ""Intel® Deep Learning Boost (Intel® DL Boost) on CPU"": [""Yes""], ""Intel® Speed Select Technology - Performance Profile"": [""No""], ""Intel® Speed Select Technology - Base Frequency"": [""No""], ""Intel® Resource Director Technology (Intel® RDT)"": [""Yes""], ""Intel® Speed Shift Technology"": [""Yes""], ""Intel® Turbo Boost Technology ‡"": [""2.0""], ""Intel® Hyper-Threading Technology ‡"": [""Yes""], ""Intel® Transactional Synchronization Extensions"": [""Yes""], ""Intel® 64 ‡"": [""Yes""], ""Instruction Set Extensions"": [""Intel® AMX, Intel® SSE4.2, Intel® AVX, Intel® AVX2, Intel® AVX-512""], ""# of AVX-512 FMA Units"": [""2""], ""Intel® Volume Management Device (VMD)"": [""Yes""], ""Intel® Trust Domain Extensions (Intel® TDX)"": [""Yes""], ""Intel® Secure Key"": [""Yes""], ""Intel® Crypto Acceleration"": [""Yes""], ""Intel® QuickAssist Software Acceleration"": [""Yes""], ""Intel® Platform Firmware Resilience Support"": [""Yes""], ""Intel® Control-Flow Enforcement Technology"": [""Yes""], ""Intel® Total Memory Encryption - Multi Key"": [""Yes""], ""Intel® Total Memory Encryption"": [""Yes""], ""Intel® AES New Instructions"": [""Yes""], ""Intel® Software Guard Extensions (Intel® SGX)"": [""Yes""], ""Default Maximum Enclave Page Cache (EPC) Size for Intel® SGX"": [""512 GB""], ""Intel® OS Guard"": [""Yes""], ""Intel® Trusted Execution Technology ‡"": [""Yes""], ""Execute Disable Bit ‡"": [""Yes""], ""Intel® Boot Guard"": [""Yes""], ""Intel® Run Sure Technology"": [""Yes""], ""Mode-based Execute Control (MBEC)"": [""Yes""], ""Intel® Virtualization Technology (VT-x) ‡"": [""Yes""], ""Intel® Virtualization Technology for Directed I/O (VT-d) ‡"": [""Yes""], ""Intel® VT-x with Extended Page Tables (EPT) ‡"": [""Yes""]}","Intel® Xeon® 6517P processor (72M Cache, 3.20 GHz) FC-LGA18N, Tray",SRVU4,PK8072006398400,https://www.intel.com/content/www/us/en/products/sku/242665/intel-xeon-6517p-processor-72m-cache-3-20-ghz/specifications.html,Intel
Intel® Xeon® 6516P-B Processor,Q1'25,20,3.5 GHz,2.3 GHz,80 MB,145 W,processor,Intel® Xeon® 6 processors,Products formerly Granite Rapids-D,Server,6516P-B,4,1.13 TB,DDR5,4800 MHz,Yes,"{""Product Collection"": [""Intel® Xeon® 6 processors""], ""Code Name"": [""Products formerly Granite Rapids-D""], ""Vertical Segment"": [""Server""], ""Processor Number"": [""6516P-B""], ""Lithography"": [""Intel 3""], ""Recommended Customer Price"": [""$1728.00""], ""Total Cores"": [""20""], ""# of Performance-cores"": [""20""], ""Total Threads"": [""40""], ""Max Turbo Frequency"": [""3.5 GHz""], ""Processor Base Frequency"": [""2.3 GHz""], ""Cache"": [""80 MB""], ""Max # of UPI Links"": [""0""], ""TDP"": [""145 W""], ""Intel® Deep Learning Boost (Intel® DL Boost) on CPU"": [""Yes""], ""Marketing Status"": [""Launched""], ""Launch Date"": [""Q1'25""], ""Servicing Status"": [""Baseline Servicing""], ""Embedded Options Available"": [""Yes""], ""Use Conditions"": [""Communications Commercial Temp""], ""Max Memory Size (dependent on memory type)"": [""1.13 TB""], ""Memory Types"": [""DDR5""], ""Maximum Memory Speed"": [""4800 MHz""], ""Max # of Memory Channels"": [""4""], ""Intel® Optane™ Persistent Memory Supported"": [""No""], ""ECC Memory Supported ‡"": [""Yes""], ""Scalability"": [""1S Only""], ""PCI Support"": [""Gen 4, Gen 5""], ""PCI Express Configurations ‡"": [""32 Lanes Gen 5; 16 Lanes Gen 4""], ""Max # of PCI Express Lanes"": [""48""], ""Integrated LAN"": [""yes""], ""Sockets Supported"": [""FCBGA4368""], ""TCASE"": [""85""], ""Package Size"": [""77.5mm x 50mm""], ""Intel® vRAN Boost"": [""Yes""], ""Intel® QuickAssist Technology (QAT)"": [""1 default devices""], ""Intel® Dynamic Load Balancer (DLB)"": [""1 default devices""], ""Intel® Data Streaming Accelerator (DSA)"": [""1 default devices""], ""Intel® In-memory Analytics Accelerator (IAA)"": [""0 default devices""], ""Intel® Advanced Matrix Extensions (AMX)"": [""Yes""], ""Intel® Speed Select Technology – Core Power"": [""No""], ""Intel® Speed Select Technology – Turbo Frequency"": [""No""], ""Intel® Speed Select Technology - Performance Profile"": [""No""], ""Intel® Speed Select Technology - Base Frequency"": [""No""], ""Intel® Resource Director Technology (Intel® RDT)"": [""Yes""], ""Intel® Optane™ Memory Supported ‡"": [""No""], ""Intel® Speed Shift Technology"": [""No""], ""Intel® Turbo Boost Technology ‡"": [""2.0""], ""Intel® Hyper-Threading Technology ‡"": [""Yes""], ""Intel® 64 ‡"": [""Yes""], ""Instruction Set"": [""64-bit""], ""Instruction Set Extensions"": [""Intel® AMX, Intel® SSE4.2, Intel® AVX, Intel® AVX2, Intel® AVX-512""], ""# of AVX-512 FMA Units"": [""2""], ""Enhanced Intel SpeedStep® Technology"": [""No""], ""Integrated Intel® QuickAssist Technology"": [""Yes""], ""Intel® Volume Management Device (VMD)"": [""Yes""], ""Intel® Trust Domain Extensions (Intel® TDX)"": [""Yes""], ""Intel® QuickAssist Software Acceleration"": [""Yes""], ""Intel® Total Memory Encryption - Multi Key"": [""Yes""], ""Intel® Total Memory Encryption"": [""Yes""], ""Intel® AES New Instructions"": [""Yes""], ""Intel® Software Guard Extensions (Intel® SGX)"": [""Yes with Intel® SPS""], ""Intel® Trusted Execution Technology ‡"": [""Yes""], ""Execute Disable Bit ‡"": [""Yes""], ""Intel® Boot Guard"": [""Yes""], ""Intel® Run Sure Technology"": [""Yes""], ""Mode-based Execute Control (MBEC)"": [""Yes""], ""Intel® Platform Firmware Resilience Support"": [""Yes""], ""Default Maximum Enclave Page Cache (EPC) Size for Intel® SGX"": [""512 GB""], ""Intel® Crypto Acceleration"": [""Yes""], ""Intel® Virtualization Technology (VT-x) ‡"": [""Yes""], ""Intel® Virtualization Technology for Directed I/O (VT-d) ‡"": [""Yes""], ""Intel® VT-x with Extended Page Tables (EPT) ‡"": [""Yes""]}","Intel® Xeon® 6516P-B processor (80M Cache, 2.30 GHz) FC--BGA18N, Tray",SRWG3,HA8072004834288,https://www.intel.com/content/www/us/en/products/sku/242898/intel-xeon-6516pb-processor-80m-cache-2-30-ghz/specifications.html,Intel
Intel® Xeon® 6515P Processor,Q1'25,16,3.8 GHz,2.3 GHz,72 MB,150 W,processor,Intel® Xeon® 6 processors,Products formerly Granite Rapids,Server,6515P,8,4 TB,DDR5(6400MT/s),6400 MHz,Yes,"{""Product Collection"": [""Intel® Xeon® 6 processors""], ""Code Name"": [""Products formerly Granite Rapids""], ""Vertical Segment"": [""Server""], ""Processor Number"": [""6515P""], ""Lithography"": [""Intel 3""], ""Recommended Customer Price"": [""$888.00""], ""Total Cores"": [""16""], ""Total Threads"": [""32""], ""Max Turbo Frequency"": [""3.8 GHz""], ""All Core Turbo Frequency"": [""3.8 GHz""], ""Processor Base Frequency"": [""2.3 GHz""], ""Cache"": [""72 MB""], ""Intel® UPI Speed"": [""24 GT/s""], ""Max # of UPI Links"": [""3""], ""TDP"": [""150 W""], ""Marketing Status"": [""Launched""], ""Launch Date"": [""Q1'25""], ""Embedded Options Available"": [""Yes""], ""Max Memory Size (dependent on memory type)"": [""4 TB""], ""Memory Types"": [""DDR5(6400MT/s)""], ""Maximum Memory Speed"": [""6400 MHz""], ""Max # of Memory Channels"": [""8""], ""ECC Memory Supported ‡"": [""Yes""], ""Scalability"": [""2S""], ""PCI Express Revision"": [""5.0""], ""Max # of PCI Express Lanes"": [""88""], ""Sockets Supported"": [""FCLGA4710""], ""Package Carrier"": [""E2B""], ""DTS Max"": [""100 °C""], ""TCASE"": [""85 °C""], ""Package Size"": [""77.5mm x 56.5mm""], ""Intel® QuickAssist Technology (QAT)"": [""2 default devices""], ""Intel® Dynamic Load Balancer (DLB)"": [""2 default devices""], ""Intel® Data Streaming Accelerator (DSA)"": [""2 default devices""], ""Intel® In-memory Analytics Accelerator (IAA)"": [""2 default devices""], ""Intel® Advanced Matrix Extensions (AMX)"": [""Yes""], ""Intel® Speed Select Technology – Core Power"": [""Yes""], ""Intel® Speed Select Technology – Turbo Frequency"": [""No""], ""Intel® Deep Learning Boost (Intel® DL Boost) on CPU"": [""Yes""], ""Intel® Speed Select Technology - Performance Profile"": [""No""], ""Intel® Speed Select Technology - Base Frequency"": [""No""], ""Intel® Resource Director Technology (Intel® RDT)"": [""Yes""], ""Intel® Speed Shift Technology"": [""Yes""], ""Intel® Turbo Boost Technology ‡"": [""2.0""], ""Intel® Hyper-Threading Technology ‡"": [""Yes""], ""Intel® Transactional Synchronization Extensions"": [""Yes""], ""Intel® 64 ‡"": [""Yes""], ""Instruction Set Extensions"": [""Intel® AMX, Intel® SSE4.2, Intel® AVX, Intel® AVX2, Intel® AVX-512""], ""# of AVX-512 FMA Units"": [""2""], ""Intel® Volume Management Device (VMD)"": [""Yes""], ""Intel® Trust Domain Extensions (Intel® TDX)"": [""Yes""], ""Intel® Secure Key"": [""Yes""], ""Intel® Crypto Acceleration"": [""Yes""], ""Intel® QuickAssist Software Acceleration"": [""Yes""], ""Intel® Platform Firmware Resilience Support"": [""Yes""], ""Intel® Control-Flow Enforcement Technology"": [""Yes""], ""Intel® Total Memory Encryption - Multi Key"": [""Yes""], ""Intel® Total Memory Encryption"": [""Yes""], ""Intel® AES New Instructions"": [""Yes""], ""Intel® Software Guard Extensions (Intel® SGX)"": [""Yes""], ""Default Maximum Enclave Page Cache (EPC) Size for Intel® SGX"": [""128 GB""], ""Intel® OS Guard"": [""Yes""], ""Intel® Trusted Execution Technology ‡"": [""Yes""], ""Execute Disable Bit ‡"": [""Yes""], ""Intel® Boot Guard"": [""Yes""], ""Intel® Run Sure Technology"": [""Yes""], ""Mode-based Execute Control (MBEC)"": [""Yes""], ""Intel® Virtualization Technology (VT-x) ‡"": [""Yes""], ""Intel® Virtualization Technology for Directed I/O (VT-d) ‡"": [""Yes""], ""Intel® VT-x with Extended Page Tables (EPT) ‡"": [""Yes""]}","Intel® Xeon® 6515P processor (72M Cache, 2.30 GHz) FC-LGA18N, Tray","SRVU6, Q7NZ","PK8072006398601, PK8072006377401",https://www.intel.com/content/www/us/en/products/sku/242669/intel-xeon-6515p-processor-72m-cache-2-30-ghz/specifications.html,Intel
Intel® Xeon® 6513P-B Processor,Q1'25,20,3.3 GHz,2 GHz,80 MB,130 W,processor,Intel® Xeon® 6 processors,Products formerly Granite Rapids-D,Server,6513P-B,4,1.13 TB,DDR5,5600 MHz,Yes,"{""Product Collection"": [""Intel® Xeon® 6 processors""], ""Code Name"": [""Products formerly Granite Rapids-D""], ""Vertical Segment"": [""Server""], ""Processor Number"": [""6513P-B""], ""Lithography"": [""Intel 3""], ""Recommended Customer Price"": [""$1567.00""], ""Total Cores"": [""20""], ""# of Performance-cores"": [""20""], ""Total Threads"": [""40""], ""Max Turbo Frequency"": [""3.3 GHz""], ""Processor Base Frequency"": [""2 GHz""], ""Cache"": [""80 MB""], ""TDP"": [""130 W""], ""Intel® Deep Learning Boost (Intel® DL Boost) on CPU"": [""Yes""], ""Marketing Status"": [""Launched""], ""Launch Date"": [""Q1'25""], ""Servicing Status"": [""Baseline Servicing""], ""Embedded Options Available"": [""Yes""], ""Use Conditions"": [""Communications Commercial Temp""], ""Max Memory Size (dependent on memory type)"": [""1.13 TB""], ""Memory Types"": [""DDR5""], ""Maximum Memory Speed"": [""5600 MHz""], ""Max # of Memory Channels"": [""4""], ""Intel® Optane™ Persistent Memory Supported"": [""No""], ""ECC Memory Supported ‡"": [""Yes""], ""Scalability"": [""1S Only""], ""PCI Express Revision"": [""Gen 4, Gen 5""], ""PCI Express Configurations ‡"": [""32 Lanes Gen 5; 16 Lanes Gen 4""], ""Max # of PCI Express Lanes"": [""48""], ""Integrated LAN"": [""yes""], ""Sockets Supported"": [""FCBGA4368""], ""TCASE"": [""85""], ""Package Size"": [""77.5mm x 50mm""], ""Intel® vRAN Boost"": [""No""], ""Intel® QuickAssist Technology (QAT)"": [""1 default devices""], ""Intel® Dynamic Load Balancer (DLB)"": [""1 default devices""], ""Intel® Data Streaming Accelerator (DSA)"": [""1 default devices""], ""Intel® In-memory Analytics Accelerator (IAA)"": [""0 default devices""], ""Intel® Advanced Matrix Extensions (AMX)"": [""Yes""], ""Intel® Speed Select Technology – Core Power"": [""No""], ""Intel® Speed Select Technology – Turbo Frequency"": [""No""], ""Intel® Speed Select Technology - Performance Profile"": [""No""], ""Intel® Speed Select Technology - Base Frequency"": [""No""], ""Intel® Resource Director Technology (Intel® RDT)"": [""Yes""], ""Intel® Optane™ Memory Supported ‡"": [""No""], ""Intel® Speed Shift Technology"": [""No""], ""Intel® Turbo Boost Technology ‡"": [""2.0""], ""Intel® Hyper-Threading Technology ‡"": [""Yes""], ""Intel® 64 ‡"": [""Yes""], ""Instruction Set"": [""64-bit""], ""Instruction Set Extensions"": [""Intel® AMX, Intel® SSE4.2, Intel® AVX, Intel® AVX2, Intel® AVX-512""], ""# of AVX-512 FMA Units"": [""2""], ""Enhanced Intel SpeedStep® Technology"": [""No""], ""Integrated Intel® QuickAssist Technology"": [""Yes""], ""Intel® Volume Management Device (VMD)"": [""Yes""], ""Intel® Trust Domain Extensions (Intel® TDX)"": [""Yes""], ""Intel® QuickAssist Software Acceleration"": [""Yes""], ""Intel® Total Memory Encryption - Multi Key"": [""Yes""], ""Intel® Total Memory Encryption"": [""Yes""], ""Intel® AES New Instructions"": [""Yes""], ""Intel® Software Guard Extensions (Intel® SGX)"": [""Yes with Intel® SPS""], ""Intel® Trusted Execution Technology ‡"": [""Yes""], ""Execute Disable Bit ‡"": [""Yes""], ""Intel® Boot Guard"": [""Yes""], ""Intel® Run Sure Technology"": [""Yes""], ""Mode-based Execute Control (MBEC)"": [""Yes""], ""Intel® Platform Firmware Resilience Support"": [""Yes""], ""Default Maximum Enclave Page Cache (EPC) Size for Intel® SGX"": [""512 GB""], ""Intel® Crypto Acceleration"": [""Yes""], ""Intel® Virtualization Technology (VT-x) ‡"": [""Yes""], ""Intel® Virtualization Technology for Directed I/O (VT-d) ‡"": [""Yes""], ""Intel® VT-x with Extended Page Tables (EPT) ‡"": [""Yes""]}","Intel® Xeon® 6513P-B processor (80M Cache, 2.00 GHz) FC--BGA18N, Tray",SRWG7,HA8072004834261,https://www.intel.com/content/www/us/en/products/sku/242909/intel-xeon-6513pb-processor-80m-cache-2-00-ghz/specifications.html,Intel
Intel® Xeon® 6511P Processor,Q1'25,16,4.2 GHz,2.3 GHz,72 MB,150 W,processor,Intel® Xeon® 6 processors,Products formerly Granite Rapids,Server,6511P,8,4 TB,DDR5(6400MT/s),6400 MHz,Yes,"{""Product Collection"": [""Intel® Xeon® 6 processors""], ""Code Name"": [""Products formerly Granite Rapids""], ""Vertical Segment"": [""Server""], ""Processor Number"": [""6511P""], ""Lithography"": [""Intel 3""], ""Recommended Customer Price"": [""$978.00""], ""Total Cores"": [""16""], ""Total Threads"": [""32""], ""Max Turbo Frequency"": [""4.2 GHz""], ""All Core Turbo Frequency"": [""4.1 GHz""], ""Processor Base Frequency"": [""2.3 GHz""], ""Cache"": [""72 MB""], ""TDP"": [""150 W""], ""Marketing Status"": [""Launched""], ""Launch Date"": [""Q1'25""], ""Embedded Options Available"": [""No""], ""Max Memory Size (dependent on memory type)"": [""4 TB""], ""Memory Types"": [""DDR5(6400MT/s)""], ""Maximum Memory Speed"": [""6400 MHz""], ""Max # of Memory Channels"": [""8""], ""ECC Memory Supported ‡"": [""Yes""], ""Scalability"": [""1S""], ""PCI Express Revision"": [""5.0""], ""Max # of PCI Express Lanes"": [""136""], ""Sockets Supported"": [""FCLGA4710""], ""Package Carrier"": [""E2B""], ""DTS Max"": [""98 °C""], ""TCASE"": [""83 °C""], ""Package Size"": [""77.5mm x 56.5mm""], ""Intel® QuickAssist Technology (QAT)"": [""2 default devices""], ""Intel® Dynamic Load Balancer (DLB)"": [""2 default devices""], ""Intel® Data Streaming Accelerator (DSA)"": [""2 default devices""], ""Intel® In-memory Analytics Accelerator (IAA)"": [""2 default devices""], ""Intel® Advanced Matrix Extensions (AMX)"": [""Yes""], ""Intel® Speed Select Technology – Core Power"": [""Yes""], ""Intel® Speed Select Technology – Turbo Frequency"": [""No""], ""Intel® Deep Learning Boost (Intel® DL Boost) on CPU"": [""Yes""], ""Intel® Speed Select Technology - Performance Profile"": [""Yes""], ""Intel® Speed Select Technology - Base Frequency"": [""No""], ""Intel® Resource Director Technology (Intel® RDT)"": [""Yes""], ""Intel® Speed Shift Technology"": [""Yes""], ""Intel® Turbo Boost Technology ‡"": [""2.0""], ""Intel® Hyper-Threading Technology ‡"": [""Yes""], ""Intel® Transactional Synchronization Extensions"": [""Yes""], ""Intel® 64 ‡"": [""Yes""], ""Instruction Set Extensions"": [""Intel® AMX, Intel® SSE4.2, Intel® AVX, Intel® AVX2, Intel® AVX-512""], ""# of AVX-512 FMA Units"": [""2""], ""Intel® Volume Management Device (VMD)"": [""Yes""], ""Intel® Trust Domain Extensions (Intel® TDX)"": [""Yes""], ""Intel® Secure Key"": [""Yes""], ""Intel® Crypto Acceleration"": [""Yes""], ""Intel® QuickAssist Software Acceleration"": [""Yes""], ""Intel® Platform Firmware Resilience Support"": [""Yes""], ""Intel® Control-Flow Enforcement Technology"": [""Yes""], ""Intel® Total Memory Encryption - Multi Key"": [""Yes""], ""Intel® Total Memory Encryption"": [""Yes""], ""Intel® AES New Instructions"": [""Yes""], ""Intel® Software Guard Extensions (Intel® SGX)"": [""Yes""], ""Default Maximum Enclave Page Cache (EPC) Size for Intel® SGX"": [""128 GB""], ""Intel® OS Guard"": [""Yes""], ""Intel® Trusted Execution Technology ‡"": [""Yes""], ""Execute Disable Bit ‡"": [""Yes""], ""Intel® Boot Guard"": [""Yes""], ""Intel® Run Sure Technology"": [""Yes""], ""Mode-based Execute Control (MBEC)"": [""Yes""], ""Intel® Virtualization Technology (VT-x) ‡"": [""Yes""], ""Intel® Virtualization Technology for Directed I/O (VT-d) ‡"": [""Yes""], ""Intel® VT-x with Extended Page Tables (EPT) ‡"": [""Yes""]}","Intel® Xeon® 6511P processor (72M Cache, 2.30 GHz) FC-LGA18N, Tray",SRVU9,PK8072006398801,https://www.intel.com/content/www/us/en/products/sku/242666/intel-xeon-6511p-processor-72m-cache-2-30-ghz/specifications.html,Intel
Intel® Xeon® 6507P Processor,Q1'25,8,4.3 GHz,3.5 GHz,48 MB,150 W,processor,Intel® Xeon® 6 processors,Products formerly Granite Rapids,Server,6507P,8,4 TB,DDR5(6400MT/s),6400 MHz,Yes,"{""Product Collection"": [""Intel® Xeon® 6 processors""], ""Code Name"": [""Products formerly Granite Rapids""], ""Vertical Segment"": [""Server""], ""Processor Number"": [""6507P""], ""Lithography"": [""Intel 3""], ""Recommended Customer Price"": [""$918.00""], ""Total Cores"": [""8""], ""Total Threads"": [""16""], ""Max Turbo Frequency"": [""4.3 GHz""], ""All Core Turbo Frequency"": [""4.3 GHz""], ""Processor Base Frequency"": [""3.5 GHz""], ""Cache"": [""48 MB""], ""Intel® UPI Speed"": [""24 GT/s""], ""Max # of UPI Links"": [""3""], ""TDP"": [""150 W""], ""Marketing Status"": [""Launched""], ""Launch Date"": [""Q1'25""], ""Embedded Options Available"": [""No""], ""Max Memory Size (dependent on memory type)"": [""4 TB""], ""Memory Types"": [""DDR5(6400MT/s)""], ""Maximum Memory Speed"": [""6400 MHz""], ""Max # of Memory Channels"": [""8""], ""ECC Memory Supported ‡"": [""Yes""], ""Scalability"": [""2S""], ""PCI Express Revision"": [""5.0""], ""Max # of PCI Express Lanes"": [""88""], ""Sockets Supported"": [""FCLGA4710""], ""Package Carrier"": [""E2B""], ""DTS Max"": [""103 °C""], ""TCASE"": [""77 °C""], ""Package Size"": [""77.5mm x 56.5mm""], ""Intel® QuickAssist Technology (QAT)"": [""2 default devices""], ""Intel® Dynamic Load Balancer (DLB)"": [""2 default devices""], ""Intel® Data Streaming Accelerator (DSA)"": [""2 default devices""], ""Intel® In-memory Analytics Accelerator (IAA)"": [""2 default devices""], ""Intel® Advanced Matrix Extensions (AMX)"": [""Yes""], ""Intel® Speed Select Technology – Core Power"": [""Yes""], ""Intel® Speed Select Technology – Turbo Frequency"": [""No""], ""Intel® Deep Learning Boost (Intel® DL Boost) on CPU"": [""Yes""], ""Intel® Speed Select Technology - Performance Profile"": [""No""], ""Intel® Speed Select Technology - Base Frequency"": [""No""], ""Intel® Resource Director Technology (Intel® RDT)"": [""Yes""], ""Intel® Speed Shift Technology"": [""Yes""], ""Intel® Turbo Boost Technology ‡"": [""2.0""], ""Intel® Hyper-Threading Technology ‡"": [""Yes""], ""Intel® Transactional Synchronization Extensions"": [""Yes""], ""Intel® 64 ‡"": [""Yes""], ""Instruction Set Extensions"": [""Intel® AMX, Intel® SSE4.2, Intel® AVX, Intel® AVX2, Intel® AVX-512""], ""# of AVX-512 FMA Units"": [""2""], ""Intel® Volume Management Device (VMD)"": [""Yes""], ""Intel® Trust Domain Extensions (Intel® TDX)"": [""Yes""], ""Intel® Secure Key"": [""Yes""], ""Intel® Crypto Acceleration"": [""Yes""], ""Intel® QuickAssist Software Acceleration"": [""Yes""], ""Intel® Platform Firmware Resilience Support"": [""Yes""], ""Intel® Control-Flow Enforcement Technology"": [""Yes""], ""Intel® Total Memory Encryption - Multi Key"": [""Yes""], ""Intel® Total Memory Encryption"": [""Yes""], ""Intel® AES New Instructions"": [""Yes""], ""Intel® Software Guard Extensions (Intel® SGX)"": [""Yes""], ""Default Maximum Enclave Page Cache (EPC) Size for Intel® SGX"": [""512 GB""], ""Intel® OS Guard"": [""Yes""], ""Intel® Trusted Execution Technology ‡"": [""Yes""], ""Execute Disable Bit ‡"": [""Yes""], ""Intel® Boot Guard"": [""Yes""], ""Intel® Run Sure Technology"": [""Yes""], ""Mode-based Execute Control (MBEC)"": [""Yes""], ""Intel® Virtualization Technology (VT-x) ‡"": [""Yes""], ""Intel® Virtualization Technology for Directed I/O (VT-d) ‡"": [""Yes""], ""Intel® VT-x with Extended Page Tables (EPT) ‡"": [""Yes""]}","Intel® Xeon® 6507P processor (48M Cache, 3.50 GHz) FC-LGA18N, Tray",SRVU5,PK8072006398500,https://www.intel.com/content/www/us/en/products/sku/242668/intel-xeon-6507p-processor-48m-cache-3-50-ghz/specifications.html,Intel
Intel® Xeon® 6505P Processor,Q1'25,12,4.1 GHz,2.2 GHz,48 MB,150 W,processor,Intel® Xeon® 6 processors,Products formerly Granite Rapids,Server,6505P,8,4 TB,DDR5(6400MT/s),6400 MHz,Yes,"{""Product Collection"": [""Intel® Xeon® 6 processors""], ""Code Name"": [""Products formerly Granite Rapids""], ""Vertical Segment"": [""Server""], ""Processor Number"": [""6505P""], ""Lithography"": [""Intel 3""], ""Recommended Customer Price"": [""$676.00""], ""Total Cores"": [""12""], ""Total Threads"": [""24""], ""Max Turbo Frequency"": [""4.1 GHz""], ""All Core Turbo Frequency"": [""3.9 GHz""], ""Processor Base Frequency"": [""2.2 GHz""], ""Cache"": [""48 MB""], ""Intel® UPI Speed"": [""24 GT/s""], ""Max # of UPI Links"": [""3""], ""TDP"": [""150 W""], ""Marketing Status"": [""Launched""], ""Launch Date"": [""Q1'25""], ""Embedded Options Available"": [""Yes""], ""Max Memory Size (dependent on memory type)"": [""4 TB""], ""Memory Types"": [""DDR5(6400MT/s)""], ""Maximum Memory Speed"": [""6400 MHz""], ""Max # of Memory Channels"": [""8""], ""ECC Memory Supported ‡"": [""Yes""], ""Scalability"": [""2S""], ""PCI Express Revision"": [""5.0""], ""Max # of PCI Express Lanes"": [""88""], ""Sockets Supported"": [""FCLGA4710""], ""Package Carrier"": [""E2B""], ""DTS Max"": [""97 °C""], ""TCASE"": [""82 °C""], ""Package Size"": [""77.5mm x 56.5mm""], ""Intel® QuickAssist Technology (QAT)"": [""2 default devices""], ""Intel® Dynamic Load Balancer (DLB)"": [""2 default devices""], ""Intel® Data Streaming Accelerator (DSA)"": [""2 default devices""], ""Intel® In-memory Analytics Accelerator (IAA)"": [""2 default devices""], ""Intel® Advanced Matrix Extensions (AMX)"": [""Yes""], ""Intel® Speed Select Technology – Core Power"": [""Yes""], ""Intel® Speed Select Technology – Turbo Frequency"": [""No""], ""Intel® Deep Learning Boost (Intel® DL Boost) on CPU"": [""Yes""], ""Intel® Speed Select Technology - Performance Profile"": [""No""], ""Intel® Speed Select Technology - Base Frequency"": [""No""], ""Intel® Resource Director Technology (Intel® RDT)"": [""Yes""], ""Intel® Speed Shift Technology"": [""Yes""], ""Intel® Turbo Boost Technology ‡"": [""2.0""], ""Intel® Hyper-Threading Technology ‡"": [""Yes""], ""Intel® Transactional Synchronization Extensions"": [""Yes""], ""Intel® 64 ‡"": [""Yes""], ""Instruction Set Extensions"": [""Intel® AMX, Intel® SSE4.2, Intel® AVX, Intel® AVX2, Intel® AVX-512""], ""# of AVX-512 FMA Units"": [""2""], ""Intel® Volume Management Device (VMD)"": [""Yes""], ""Intel® Trust Domain Extensions (Intel® TDX)"": [""Yes""], ""Intel® Secure Key"": [""Yes""], ""Intel® Crypto Acceleration"": [""Yes""], ""Intel® QuickAssist Software Acceleration"": [""Yes""], ""Intel® Platform Firmware Resilience Support"": [""Yes""], ""Intel® Control-Flow Enforcement Technology"": [""Yes""], ""Intel® Total Memory Encryption - Multi Key"": [""Yes""], ""Intel® Total Memory Encryption"": [""Yes""], ""Intel® AES New Instructions"": [""Yes""], ""Intel® Software Guard Extensions (Intel® SGX)"": [""Yes""], ""Default Maximum Enclave Page Cache (EPC) Size for Intel® SGX"": [""128 GB""], ""Intel® OS Guard"": [""Yes""], ""Intel® Trusted Execution Technology ‡"": [""Yes""], ""Execute Disable Bit ‡"": [""Yes""], ""Intel® Boot Guard"": [""Yes""], ""Intel® Run Sure Technology"": [""Yes""], ""Mode-based Execute Control (MBEC)"": [""Yes""], ""Intel® Virtualization Technology (VT-x) ‡"": [""Yes""], ""Intel® Virtualization Technology for Directed I/O (VT-d) ‡"": [""Yes""], ""Intel® VT-x with Extended Page Tables (EPT) ‡"": [""Yes""]}","Intel® Xeon® 6505P processor (48M Cache, 2.20 GHz) FC-LGA18N, Tray","Q7J4, SRVU7","PK8072006377500, PK8072006398700",https://www.intel.com/content/www/us/en/products/sku/242667/intel-xeon-6505p-processor-48m-cache-2-20-ghz/specifications.html,Intel
Intel® Xeon® 6503P-B Processor,Q1'25,12,3.5 GHz,2 GHz,48 MB,110 W,processor,Intel® Xeon® 6 processors,Products formerly Granite Rapids-D,Server,6503P-B,4,1.13 TB,DDR5,4800 MHz,Yes,"{""Product Collection"": [""Intel® Xeon® 6 processors""], ""Code Name"": [""Products formerly Granite Rapids-D""], ""Vertical Segment"": [""Server""], ""Processor Number"": [""6503P-B""], ""Lithography"": [""Intel 3""], ""Recommended Customer Price"": [""$1046.00""], ""Total Cores"": [""12""], ""# of Performance-cores"": [""12""], ""Total Threads"": [""24""], ""Max Turbo Frequency"": [""3.5 GHz""], ""Processor Base Frequency"": [""2 GHz""], ""Cache"": [""48 MB""], ""TDP"": [""110 W""], ""Intel® Deep Learning Boost (Intel® DL Boost) on CPU"": [""Yes""], ""Marketing Status"": [""Launched""], ""Launch Date"": [""Q1'25""], ""Servicing Status"": [""Baseline Servicing""], ""Embedded Options Available"": [""Yes""], ""Use Conditions"": [""Communications Commercial Temp""], ""Max Memory Size (dependent on memory type)"": [""1.13 TB""], ""Memory Types"": [""DDR5""], ""Maximum Memory Speed"": [""4800 MHz""], ""Max # of Memory Channels"": [""4""], ""Intel® Optane™ Persistent Memory Supported"": [""No""], ""ECC Memory Supported ‡"": [""Yes""], ""Integrated LAN"": [""yes""], ""Sockets Supported"": [""FCBGA4368""], ""TCASE"": [""85""], ""Package Size"": [""77.5mm x 50mm""], ""Intel® vRAN Boost"": [""No""], ""Intel® QuickAssist Technology (QAT)"": [""1 default devices""], ""Intel® Dynamic Load Balancer (DLB)"": [""1 default devices""], ""Intel® Data Streaming Accelerator (DSA)"": [""1 default devices""], ""Intel® In-memory Analytics Accelerator (IAA)"": [""0 default devices""], ""Intel® Advanced Matrix Extensions (AMX)"": [""Yes""], ""Intel® Speed Select Technology – Core Power"": [""No""], ""Intel® Speed Select Technology – Turbo Frequency"": [""No""], ""Intel® Speed Select Technology - Performance Profile"": [""No""], ""Intel® Speed Select Technology - Base Frequency"": [""Yes""], ""Intel® Resource Director Technology (Intel® RDT)"": [""Yes""], ""Intel® Optane™ Memory Supported ‡"": [""No""], ""Intel® Speed Shift Technology"": [""No""], ""Intel® Turbo Boost Technology ‡"": [""2.0""], ""Intel® Hyper-Threading Technology ‡"": [""Yes""], ""Intel® 64 ‡"": [""Yes""], ""Instruction Set"": [""64-bit""], ""Instruction Set Extensions"": [""Intel® AMX, Intel® SSE4.2, Intel® AVX, Intel® AVX2, Intel® AVX-512""], ""# of AVX-512 FMA Units"": [""2""], ""Enhanced Intel SpeedStep® Technology"": [""No""], ""Integrated Intel® QuickAssist Technology"": [""Yes""], ""Intel® Volume Management Device (VMD)"": [""Yes""], ""Intel® Trust Domain Extensions (Intel® TDX)"": [""Yes""], ""Intel® QuickAssist Software Acceleration"": [""Yes""], ""Intel® Total Memory Encryption - Multi Key"": [""Yes""], ""Intel® Total Memory Encryption"": [""Yes""], ""Intel® AES New Instructions"": [""Yes""], ""Intel® Software Guard Extensions (Intel® SGX)"": [""Yes with Intel® SPS""], ""Intel® Trusted Execution Technology ‡"": [""Yes""], ""Execute Disable Bit ‡"": [""Yes""], ""Intel® Boot Guard"": [""Yes""], ""Intel® Run Sure Technology"": [""Yes""], ""Mode-based Execute Control (MBEC)"": [""Yes""], ""Intel® Platform Firmware Resilience Support"": [""Yes""], ""Default Maximum Enclave Page Cache (EPC) Size for Intel® SGX"": [""512 GB""], ""Intel® Crypto Acceleration"": [""Yes""], ""Intel® Virtualization Technology (VT-x) ‡"": [""Yes""], ""Intel® Virtualization Technology for Directed I/O (VT-d) ‡"": [""Yes""], ""Intel® VT-x with Extended Page Tables (EPT) ‡"": [""Yes""]}","Intel® Xeon® 6503P-B processor (48M Cache, 2.00 GHz) FC--BGA18N, Tray",SRWG6,HA8072004834260,https://www.intel.com/content/www/us/en/products/sku/242897/intel-xeon-6503pb-processor-48m-cache-2-00-ghz/specifications.html,Intel
Intel® Xeon® 6369P Processor,Q1'25,8,5.7 GHz,3.3 GHz,24 MB,95 W,processor,Intel® Xeon® 6 processors,Products formerly Raptor Lake,Server,6369P,2,128 GB,DDR5-4800,4800 MHz,Yes,"{""Product Collection"": [""Intel® Xeon® 6 processors""], ""Code Name"": [""Products formerly Raptor Lake""], ""Vertical Segment"": [""Server""], ""Processor Number"": [""6369P""], ""Lithography"": [""Intel 7""], ""Recommended Customer Price"": [""$679.00""], ""Total Cores"": [""8""], ""# of Performance-cores"": [""8""], ""Total Threads"": [""16""], ""Max Turbo Frequency"": [""5.7 GHz""], ""Processor Base Frequency"": [""3.3 GHz""], ""Cache"": [""24 MB""], ""Bus Speed"": [""16 GT/s""], ""TDP"": [""95 W""], ""Marketing Status"": [""Launched""], ""Launch Date"": [""Q1'25""], ""Servicing Status"": [""Baseline Servicing""], ""Embedded Options Available"": [""No""], ""Use Conditions"": [""Server/Enterprise""], ""Max Memory Size (dependent on memory type)"": [""128 GB""], ""Memory Types"": [""DDR5-4800""], ""Maximum Memory Speed"": [""4800 MHz""], ""Max # of Memory Channels"": [""2""], ""Intel® Optane™ Persistent Memory Supported"": [""No""], ""ECC Memory Supported ‡"": [""Yes""], ""Max # of DMI Lanes"": [""8""], ""Scalability"": [""1S Only""], ""PCI Express Revision"": [""5.0""], ""Microprocessor PCIe Revision"": [""Gen 5""], ""PCI Express Configurations ‡"": [""Up to 1x16+1x4, 2x8+1x4""], ""Max # of PCI Express Lanes"": [""20""], ""Sockets Supported"": [""FCLGA1700""], ""Max CPU Configuration"": [""1""], ""TJUNCTION"": [""100°C""], ""Intel® Turbo Boost Max Technology 3.0 ‡"": [""Yes""], ""Intel® Turbo Boost Technology ‡"": [""2.0""], ""Intel® Hyper-Threading Technology ‡"": [""Yes""], ""Intel® Transactional Synchronization Extensions"": [""No""], ""Intel® 64 ‡"": [""Yes""], ""Instruction Set"": [""64-bit""], ""Instruction Set Extensions"": [""Intel® SSE4.1, Intel® SSE4.2, Intel® AVX2""], ""Idle States"": [""Yes""], ""Enhanced Intel SpeedStep® Technology"": [""Yes""], ""Thermal Monitoring Technologies"": [""Yes""], ""Intel® Secure Key"": [""Yes""], ""Intel® Total Memory Encryption - Multi Key"": [""Yes""], ""Intel® Total Memory Encryption"": [""Yes""], ""Intel® AES New Instructions"": [""Yes""], ""Intel® OS Guard"": [""Yes""], ""Intel® Trusted Execution Technology ‡"": [""Yes""], ""Execute Disable Bit ‡"": [""Yes""], ""Intel® Boot Guard"": [""Yes""], ""Mode-based Execute Control (MBEC)"": [""Yes""], ""Intel® Virtualization Technology with Redirect Protection (VT-rp) ‡"": [""Yes""], ""Intel® Virtualization Technology (VT-x) ‡"": [""Yes""], ""Intel® Virtualization Technology for Directed I/O (VT-d) ‡"": [""Yes""], ""Intel® VT-x with Extended Page Tables (EPT) ‡"": [""Yes""]}","Intel® Xeon® 6369P Processor (24M Cache 3.30 GHz) FC-LGA16A, Tray","Q4SS, SRPLQ","CM8071505824601, CM8071506033101",https://www.intel.com/content/www/us/en/products/sku/241616/intel-xeon-6369p-processor-24m-cache-3-30-ghz/specifications.html,Intel
Intel® Xeon® 6357P Processor,Q1'25,8,5.4 GHz,3 GHz,24 MB,80 W,processor,Intel® Xeon® 6 processors,Products formerly Raptor Lake,Server,6357P,2,128 GB,DDR5-4800,4800 MHz,Yes,"{""Product Collection"": [""Intel® Xeon® 6 processors""], ""Code Name"": [""Products formerly Raptor Lake""], ""Vertical Segment"": [""Server""], ""Processor Number"": [""6357P""], ""Lithography"": [""Intel 7""], ""Recommended Customer Price"": [""$623.00""], ""Total Cores"": [""8""], ""# of Performance-cores"": [""8""], ""Total Threads"": [""16""], ""Max Turbo Frequency"": [""5.4 GHz""], ""Processor Base Frequency"": [""3 GHz""], ""Cache"": [""24 MB""], ""Bus Speed"": [""16 GT/s""], ""TDP"": [""80 W""], ""Marketing Status"": [""Launched""], ""Launch Date"": [""Q1'25""], ""Servicing Status"": [""Baseline Servicing""], ""Embedded Options Available"": [""No""], ""Use Conditions"": [""Server/Enterprise""], ""Max Memory Size (dependent on memory type)"": [""128 GB""], ""Memory Types"": [""DDR5-4800""], ""Maximum Memory Speed"": [""4800 MHz""], ""Max # of Memory Channels"": [""2""], ""Intel® Optane™ Persistent Memory Supported"": [""No""], ""ECC Memory Supported ‡"": [""Yes""], ""Max # of DMI Lanes"": [""8""], ""Scalability"": [""1S Only""], ""PCI Express Revision"": [""5.0""], ""Microprocessor PCIe Revision"": [""Gen 5""], ""PCI Express Configurations ‡"": [""Up to 1x16+1x4, 2x8+1x4""], ""Max # of PCI Express Lanes"": [""20""], ""Sockets Supported"": [""FCLGA1700""], ""Max CPU Configuration"": [""1""], ""TJUNCTION"": [""100°C""], ""Intel® Turbo Boost Max Technology 3.0 ‡"": [""Yes""], ""Intel® Turbo Boost Technology ‡"": [""2.0""], ""Intel® Hyper-Threading Technology ‡"": [""Yes""], ""Intel® Transactional Synchronization Extensions"": [""No""], ""Intel® 64 ‡"": [""Yes""], ""Instruction Set"": [""64-bit""], ""Instruction Set Extensions"": [""Intel® SSE4.1, Intel® SSE4.2, Intel® AVX2""], ""Idle States"": [""Yes""], ""Enhanced Intel SpeedStep® Technology"": [""Yes""], ""Thermal Monitoring Technologies"": [""Yes""], ""Intel® Trust Domain Extensions (Intel® TDX)"": [""Yes""], ""Intel® Secure Key"": [""Yes""], ""Intel® Total Memory Encryption - Multi Key"": [""Yes""], ""Intel® Total Memory Encryption"": [""Yes""], ""Intel® AES New Instructions"": [""Yes""], ""Intel® OS Guard"": [""Yes""], ""Intel® Trusted Execution Technology ‡"": [""Yes""], ""Execute Disable Bit ‡"": [""Yes""], ""Intel® Boot Guard"": [""Yes""], ""Mode-based Execute Control (MBEC)"": [""Yes""], ""Intel® Virtualization Technology with Redirect Protection (VT-rp) ‡"": [""Yes""], ""Intel® Virtualization Technology (VT-x) ‡"": [""Yes""], ""Intel® Virtualization Technology for Directed I/O (VT-d) ‡"": [""Yes""], ""Intel® VT-x with Extended Page Tables (EPT) ‡"": [""Yes""]}","Intel® Xeon® 6357P Processor (24M Cache, 3.00 GHz) FC-LGA16A, Tray","Q4ST, SRPLR","CM8071505824701, CM8071506033301",https://www.intel.com/content/www/us/en/products/sku/241607/intel-xeon-6357p-processor-24m-cache-3-00-ghz/specifications.html,Intel
Intel® Xeon® 6353P Processor,Q1'25,8,5.4 GHz,2.7 GHz,24 MB,65 W,processor,Intel® Xeon® 6 processors,Products formerly Raptor Lake,Server,6353P,2,128 GB,DDR5-4800,4800 MHz,Yes,"{""Product Collection"": [""Intel® Xeon® 6 processors""], ""Code Name"": [""Products formerly Raptor Lake""], ""Vertical Segment"": [""Server""], ""Processor Number"": [""6353P""], ""Lithography"": [""Intel 7""], ""Recommended Customer Price"": [""$477.00""], ""Total Cores"": [""8""], ""# of Performance-cores"": [""8""], ""Total Threads"": [""16""], ""Max Turbo Frequency"": [""5.4 GHz""], ""Processor Base Frequency"": [""2.7 GHz""], ""Cache"": [""24 MB""], ""Bus Speed"": [""16 GT/s""], ""TDP"": [""65 W""], ""Marketing Status"": [""Launched""], ""Launch Date"": [""Q1'25""], ""Servicing Status"": [""Baseline Servicing""], ""Embedded Options Available"": [""No""], ""Use Conditions"": [""Server/Enterprise""], ""Max Memory Size (dependent on memory type)"": [""128 GB""], ""Memory Types"": [""DDR5-4800""], ""Maximum Memory Speed"": [""4800 MHz""], ""Max # of Memory Channels"": [""2""], ""Intel® Optane™ Persistent Memory Supported"": [""No""], ""ECC Memory Supported ‡"": [""Yes""], ""Max # of DMI Lanes"": [""8""], ""Scalability"": [""1S Only""], ""PCI Express Revision"": [""5.0""], ""Microprocessor PCIe Revision"": [""Gen 5""], ""PCI Express Configurations ‡"": [""Up to 1x16+1x4, 2x8+1x4""], ""Max # of PCI Express Lanes"": [""20""], ""Sockets Supported"": [""FCLGA1700""], ""Max CPU Configuration"": [""1""], ""TJUNCTION"": [""100°C""], ""Intel® Turbo Boost Max Technology 3.0 ‡"": [""Yes""], ""Intel® Turbo Boost Technology ‡"": [""2.0""], ""Intel® Hyper-Threading Technology ‡"": [""Yes""], ""Intel® Transactional Synchronization Extensions"": [""No""], ""Intel® 64 ‡"": [""Yes""], ""Instruction Set"": [""64-bit""], ""Instruction Set Extensions"": [""Intel® SSE4.1, Intel® SSE4.2, Intel® AVX2""], ""Idle States"": [""Yes""], ""Enhanced Intel SpeedStep® Technology"": [""Yes""], ""Thermal Monitoring Technologies"": [""Yes""], ""Intel® Secure Key"": [""Yes""], ""Intel® Total Memory Encryption - Multi Key"": [""Yes""], ""Intel® Total Memory Encryption"": [""Yes""], ""Intel® AES New Instructions"": [""Yes""], ""Intel® OS Guard"": [""Yes""], ""Intel® Trusted Execution Technology ‡"": [""Yes""], ""Execute Disable Bit ‡"": [""Yes""], ""Intel® Boot Guard"": [""Yes""], ""Mode-based Execute Control (MBEC)"": [""Yes""], ""Intel® Virtualization Technology with Redirect Protection (VT-rp) ‡"": [""Yes""], ""Intel® Virtualization Technology (VT-x) ‡"": [""Yes""], ""Intel® Virtualization Technology for Directed I/O (VT-d) ‡"": [""Yes""], ""Intel® VT-x with Extended Page Tables (EPT) ‡"": [""Yes""]}","Intel® Xeon® 6353P Processor (24M Cache, 2.70 GHz) FC-LGA16A, Tray","Q4SU, SRPLS","CM8071505824801, CM8071506036301",https://www.intel.com/content/www/us/en/products/sku/241608/intel-xeon-6353p-processor-24m-cache-2-70-ghz/specifications.html,Intel
Intel® Xeon® 6349P Processor,Q1'25,6,5.7 GHz,3.6 GHz,18 MB,95 W,processor,Intel® Xeon® 6 processors,Products formerly Raptor Lake,Server,6349P,2,128 GB,DDR5-4800,4800 MHz,Yes,"{""Product Collection"": [""Intel® Xeon® 6 processors""], ""Code Name"": [""Products formerly Raptor Lake""], ""Vertical Segment"": [""Server""], ""Processor Number"": [""6349P""], ""Lithography"": [""Intel 7""], ""Recommended Customer Price"": [""$567.00""], ""Total Cores"": [""6""], ""# of Performance-cores"": [""6""], ""Total Threads"": [""12""], ""Max Turbo Frequency"": [""5.7 GHz""], ""Processor Base Frequency"": [""3.6 GHz""], ""Cache"": [""18 MB""], ""Bus Speed"": [""16 GT/s""], ""TDP"": [""95 W""], ""Marketing Status"": [""Launched""], ""Launch Date"": [""Q1'25""], ""Servicing Status"": [""Baseline Servicing""], ""Embedded Options Available"": [""No""], ""Use Conditions"": [""Server/Enterprise""], ""Max Memory Size (dependent on memory type)"": [""128 GB""], ""Memory Types"": [""DDR5-4800""], ""Maximum Memory Speed"": [""4800 MHz""], ""Max # of Memory Channels"": [""2""], ""Intel® Optane™ Persistent Memory Supported"": [""No""], ""ECC Memory Supported ‡"": [""Yes""], ""Max # of DMI Lanes"": [""8""], ""Scalability"": [""1S Only""], ""PCI Express Revision"": [""5.0""], ""Microprocessor PCIe Revision"": [""Gen 5""], ""PCI Express Configurations ‡"": [""Up to 1x16+1x4, 2x8+1x4""], ""Max # of PCI Express Lanes"": [""20""], ""Sockets Supported"": [""FCLGA1700""], ""Max CPU Configuration"": [""1""], ""TJUNCTION"": [""100°C""], ""Intel® Turbo Boost Max Technology 3.0 ‡"": [""Yes""], ""Intel® Turbo Boost Technology ‡"": [""2.0""], ""Intel® Hyper-Threading Technology ‡"": [""Yes""], ""Intel® Transactional Synchronization Extensions"": [""No""], ""Intel® 64 ‡"": [""Yes""], ""Instruction Set"": [""64-bit""], ""Instruction Set Extensions"": [""Intel® SSE4.1, Intel® SSE4.2, Intel® AVX2""], ""Idle States"": [""Yes""], ""Enhanced Intel SpeedStep® Technology"": [""Yes""], ""Thermal Monitoring Technologies"": [""Yes""], ""Intel® Secure Key"": [""Yes""], ""Intel® Total Memory Encryption - Multi Key"": [""Yes""], ""Intel® Total Memory Encryption"": [""Yes""], ""Intel® AES New Instructions"": [""Yes""], ""Intel® OS Guard"": [""Yes""], ""Intel® Trusted Execution Technology ‡"": [""Yes""], ""Execute Disable Bit ‡"": [""Yes""], ""Intel® Boot Guard"": [""Yes""], ""Mode-based Execute Control (MBEC)"": [""Yes""], ""Intel® Virtualization Technology with Redirect Protection (VT-rp) ‡"": [""Yes""], ""Intel® Virtualization Technology (VT-x) ‡"": [""Yes""], ""Intel® Virtualization Technology for Directed I/O (VT-d) ‡"": [""Yes""], ""Intel® VT-x with Extended Page Tables (EPT) ‡"": [""Yes""]}","Intel® Xeon® 6349P Processor (18M Cache, 3.60 GHz) FC-LGA16A, Tray","Q4SV, SRPLT","CM8071505824901, CM8071506036401",https://www.intel.com/content/www/us/en/products/sku/241611/intel-xeon-6349p-processor-18m-cache-3-60-ghz/specifications.html,Intel
Intel® Xeon® 6337P Processor,Q1'25,6,5.3 GHz,3.5 GHz,18 MB,80 W,processor,Intel® Xeon® 6 processors,Products formerly Raptor Lake,Server,6337P,2,128 GB,DDR5-4800,4800 MHz,Yes,"{""Product Collection"": [""Intel® Xeon® 6 processors""], ""Code Name"": [""Products formerly Raptor Lake""], ""Vertical Segment"": [""Server""], ""Processor Number"": [""6337P""], ""Lithography"": [""Intel 7""], ""Recommended Customer Price"": [""$420.00""], ""Total Cores"": [""6""], ""# of Performance-cores"": [""6""], ""Total Threads"": [""12""], ""Max Turbo Frequency"": [""5.3 GHz""], ""Processor Base Frequency"": [""3.5 GHz""], ""Cache"": [""18 MB""], ""Bus Speed"": [""16 GT/s""], ""TDP"": [""80 W""], ""Marketing Status"": [""Launched""], ""Launch Date"": [""Q1'25""], ""Servicing Status"": [""Baseline Servicing""], ""Embedded Options Available"": [""No""], ""Use Conditions"": [""Server/Enterprise""], ""Max Memory Size (dependent on memory type)"": [""128 GB""], ""Memory Types"": [""DDR5-4800""], ""Maximum Memory Speed"": [""4800 MHz""], ""Max # of Memory Channels"": [""2""], ""Intel® Optane™ Persistent Memory Supported"": [""No""], ""ECC Memory Supported ‡"": [""Yes""], ""Max # of DMI Lanes"": [""8""], ""Scalability"": [""1S Only""], ""PCI Express Revision"": [""5.0""], ""Microprocessor PCIe Revision"": [""Gen 5""], ""PCI Express Configurations ‡"": [""Up to 1x16+1x4, 2x8+1x4""], ""Max # of PCI Express Lanes"": [""20""], ""Sockets Supported"": [""FCLGA1700""], ""Max CPU Configuration"": [""1""], ""TJUNCTION"": [""100°C""], ""Intel® Turbo Boost Max Technology 3.0 ‡"": [""No""], ""Intel® Turbo Boost Technology ‡"": [""2.0""], ""Intel® Hyper-Threading Technology ‡"": [""Yes""], ""Intel® Transactional Synchronization Extensions"": [""No""], ""Intel® 64 ‡"": [""Yes""], ""Instruction Set"": [""64-bit""], ""Instruction Set Extensions"": [""Intel® SSE4.1, Intel® SSE4.2, Intel® AVX2""], ""Idle States"": [""Yes""], ""Enhanced Intel SpeedStep® Technology"": [""Yes""], ""Thermal Monitoring Technologies"": [""Yes""], ""Intel® Secure Key"": [""Yes""], ""Intel® Total Memory Encryption - Multi Key"": [""Yes""], ""Intel® Total Memory Encryption"": [""Yes""], ""Intel® AES New Instructions"": [""Yes""], ""Intel® OS Guard"": [""Yes""], ""Intel® Trusted Execution Technology ‡"": [""Yes""], ""Execute Disable Bit ‡"": [""Yes""], ""Intel® Boot Guard"": [""Yes""], ""Mode-based Execute Control (MBEC)"": [""Yes""], ""Intel® Virtualization Technology with Redirect Protection (VT-rp) ‡"": [""Yes""], ""Intel® Virtualization Technology (VT-x) ‡"": [""Yes""], ""Intel® Virtualization Technology for Directed I/O (VT-d) ‡"": [""Yes""], ""Intel® VT-x with Extended Page Tables (EPT) ‡"": [""Yes""]}","Intel® Xeon® 6337P Processor (18M Cache, 3.50 GHz) FC-LGA16A, Tray","Q4SW, SRPLU","CM8071505825001, CM8071506036501",https://www.intel.com/content/www/us/en/products/sku/241612/intel-xeon-6337p-processor-18m-cache-3-50-ghz/specifications.html,Intel
Intel® Xeon® 6333P Processor,Q1'25,6,5.2 GHz,3.1 GHz,18 MB,65 W,processor,Intel® Xeon® 6 processors,Products formerly Raptor Lake,Server,6333P,2,128 GB,DDR5-4800,4800 MHz,Yes,"{""Product Collection"": [""Intel® Xeon® 6 processors""], ""Code Name"": [""Products formerly Raptor Lake""], ""Vertical Segment"": [""Server""], ""Processor Number"": [""6333P""], ""Lithography"": [""Intel 7""], ""Recommended Customer Price"": [""$357.00""], ""Total Cores"": [""6""], ""# of Performance-cores"": [""6""], ""Total Threads"": [""12""], ""Max Turbo Frequency"": [""5.2 GHz""], ""Processor Base Frequency"": [""3.1 GHz""], ""Cache"": [""18 MB""], ""Bus Speed"": [""16 GT/s""], ""TDP"": [""65 W""], ""Marketing Status"": [""Launched""], ""Launch Date"": [""Q1'25""], ""Servicing Status"": [""Baseline Servicing""], ""Embedded Options Available"": [""No""], ""Use Conditions"": [""Server/Enterprise""], ""Max Memory Size (dependent on memory type)"": [""128 GB""], ""Memory Types"": [""DDR5-4800""], ""Maximum Memory Speed"": [""4800 MHz""], ""Max # of Memory Channels"": [""2""], ""Intel® Optane™ Persistent Memory Supported"": [""No""], ""ECC Memory Supported ‡"": [""Yes""], ""Max # of DMI Lanes"": [""8""], ""Scalability"": [""1S Only""], ""PCI Express Revision"": [""5.0""], ""Microprocessor PCIe Revision"": [""Gen 5""], ""PCI Express Configurations ‡"": [""Up to 1x16+1x4, 2x8+1x4""], ""Max # of PCI Express Lanes"": [""20""], ""Sockets Supported"": [""FCLGA1700""], ""Max CPU Configuration"": [""1""], ""TJUNCTION"": [""100°C""], ""Intel® Turbo Boost Max Technology 3.0 ‡"": [""No""], ""Intel® Turbo Boost Technology ‡"": [""2.0""], ""Intel® Hyper-Threading Technology ‡"": [""Yes""], ""Intel® Transactional Synchronization Extensions"": [""No""], ""Intel® 64 ‡"": [""Yes""], ""Instruction Set"": [""64-bit""], ""Instruction Set Extensions"": [""Intel® SSE4.1, Intel® SSE4.2, Intel® AVX2""], ""Idle States"": [""Yes""], ""Enhanced Intel SpeedStep® Technology"": [""Yes""], ""Thermal Monitoring Technologies"": [""Yes""], ""Intel® Secure Key"": [""Yes""], ""Intel® Total Memory Encryption - Multi Key"": [""Yes""], ""Intel® Total Memory Encryption"": [""Yes""], ""Intel® AES New Instructions"": [""Yes""], ""Intel® OS Guard"": [""Yes""], ""Intel® Trusted Execution Technology ‡"": [""Yes""], ""Execute Disable Bit ‡"": [""Yes""], ""Intel® Boot Guard"": [""Yes""], ""Mode-based Execute Control (MBEC)"": [""Yes""], ""Intel® Virtualization Technology with Redirect Protection (VT-rp) ‡"": [""Yes""], ""Intel® Virtualization Technology (VT-x) ‡"": [""Yes""], ""Intel® Virtualization Technology for Directed I/O (VT-d) ‡"": [""Yes""], ""Intel® VT-x with Extended Page Tables (EPT) ‡"": [""Yes""]}","Intel® Xeon® 6333P Processor (18M Cache, 3.10 GHz) FC-LGA16A, Tray","Q4SX, SRPLV","CM8071505825101, CM8071506036601",https://www.intel.com/content/www/us/en/products/sku/241602/intel-xeon-6333p-processor-18m-cache-3-10-ghz/specifications.html,Intel
Intel® Xeon® 6325P Processor,Q1'25,4,5.2 GHz,3.5 GHz,12 MB,55 W,processor,Intel® Xeon® 6 processors,Products formerly Raptor Lake,Server,6325P,2,128 GB,DDR5-4800,4800 MHz,Yes,"{""Product Collection"": [""Intel® Xeon® 6 processors""], ""Code Name"": [""Products formerly Raptor Lake""], ""Vertical Segment"": [""Server""], ""Processor Number"": [""6325P""], ""Lithography"": [""Intel 7""], ""Recommended Customer Price"": [""$315.00""], ""Total Cores"": [""4""], ""# of Performance-cores"": [""4""], ""Total Threads"": [""8""], ""Max Turbo Frequency"": [""5.2 GHz""], ""Processor Base Frequency"": [""3.5 GHz""], ""Cache"": [""12 MB""], ""Bus Speed"": [""16 GT/s""], ""TDP"": [""55 W""], ""Marketing Status"": [""Launched""], ""Launch Date"": [""Q1'25""], ""Servicing Status"": [""Baseline Servicing""], ""Embedded Options Available"": [""No""], ""Use Conditions"": [""Server/Enterprise""], ""Max Memory Size (dependent on memory type)"": [""128 GB""], ""Memory Types"": [""DDR5-4800""], ""Maximum Memory Speed"": [""4800 MHz""], ""Max # of Memory Channels"": [""2""], ""Intel® Optane™ Persistent Memory Supported"": [""No""], ""ECC Memory Supported ‡"": [""Yes""], ""Max # of DMI Lanes"": [""8""], ""Scalability"": [""1S Only""], ""PCI Express Revision"": [""5.0""], ""Microprocessor PCIe Revision"": [""Gen 5""], ""PCI Express Configurations ‡"": [""Up to 1x16+1x4, 2x8+1x4""], ""Max # of PCI Express Lanes"": [""20""], ""Sockets Supported"": [""FCLGA1700""], ""Max CPU Configuration"": [""1""], ""TJUNCTION"": [""100°C""], ""Intel® Turbo Boost Max Technology 3.0 ‡"": [""No""], ""Intel® Turbo Boost Technology ‡"": [""2.0""], ""Intel® Hyper-Threading Technology ‡"": [""Yes""], ""Intel® Transactional Synchronization Extensions"": [""No""], ""Intel® 64 ‡"": [""Yes""], ""Instruction Set"": [""64-bit""], ""Instruction Set Extensions"": [""Intel® SSE4.1, Intel® SSE4.2, Intel® AVX2""], ""Idle States"": [""Yes""], ""Enhanced Intel SpeedStep® Technology"": [""Yes""], ""Thermal Monitoring Technologies"": [""Yes""], ""Intel® Secure Key"": [""Yes""], ""Intel® Total Memory Encryption - Multi Key"": [""Yes""], ""Intel® Total Memory Encryption"": [""Yes""], ""Intel® AES New Instructions"": [""Yes""], ""Intel® OS Guard"": [""Yes""], ""Intel® Trusted Execution Technology ‡"": [""Yes""], ""Execute Disable Bit ‡"": [""Yes""], ""Intel® Boot Guard"": [""Yes""], ""Mode-based Execute Control (MBEC)"": [""Yes""], ""Intel® Virtualization Technology with Redirect Protection (VT-rp) ‡"": [""Yes""], ""Intel® Virtualization Technology (VT-x) ‡"": [""Yes""], ""Intel® Virtualization Technology for Directed I/O (VT-d) ‡"": [""Yes""], ""Intel® VT-x with Extended Page Tables (EPT) ‡"": [""Yes""]}","Intel® Xeon® 6325P Processor (12M Cache, 3.50 GHz) FC-LGA16A, Tray","Q4SY, SRPLW","CM8071505825201, CM8071506036701",https://www.intel.com/content/www/us/en/products/sku/241605/intel-xeon-6325p-processor-12m-cache-3-50-ghz/specifications.html,Intel
Intel® Xeon® 6315P Processor,Q1'25,4,4.7 GHz,2.8 GHz,12 MB,55 W,processor,Intel® Xeon® 6 processors,Products formerly Raptor Lake,Server,6315P,2,128 GB,DDR5-4800,4800 MHz,Yes,"{""Product Collection"": [""Intel® Xeon® 6 processors""], ""Code Name"": [""Products formerly Raptor Lake""], ""Vertical Segment"": [""Server""], ""Processor Number"": [""6315P""], ""Lithography"": [""Intel 7""], ""Recommended Customer Price"": [""$239.00""], ""Total Cores"": [""4""], ""# of Performance-cores"": [""4""], ""Total Threads"": [""4""], ""Max Turbo Frequency"": [""4.7 GHz""], ""Processor Base Frequency"": [""2.8 GHz""], ""Cache"": [""12 MB""], ""Bus Speed"": [""16 GT/s""], ""TDP"": [""55 W""], ""Marketing Status"": [""Launched""], ""Launch Date"": [""Q1'25""], ""Servicing Status"": [""Baseline Servicing""], ""Embedded Options Available"": [""No""], ""Use Conditions"": [""Server/Enterprise""], ""Max Memory Size (dependent on memory type)"": [""128 GB""], ""Memory Types"": [""DDR5-4800""], ""Maximum Memory Speed"": [""4800 MHz""], ""Max # of Memory Channels"": [""2""], ""Intel® Optane™ Persistent Memory Supported"": [""No""], ""ECC Memory Supported ‡"": [""Yes""], ""Max # of DMI Lanes"": [""8""], ""Scalability"": [""1S Only""], ""PCI Express Revision"": [""5.0""], ""Microprocessor PCIe Revision"": [""Gen 5""], ""PCI Express Configurations ‡"": [""Up to 1x16+1x4, 2x8+1x4""], ""Max # of PCI Express Lanes"": [""20""], ""Sockets Supported"": [""FCLGA1700""], ""Max CPU Configuration"": [""1""], ""TJUNCTION"": [""100°C""], ""Intel® Turbo Boost Max Technology 3.0 ‡"": [""No""], ""Intel® Turbo Boost Technology ‡"": [""2.0""], ""Intel® Hyper-Threading Technology ‡"": [""No""], ""Intel® Transactional Synchronization Extensions"": [""No""], ""Intel® 64 ‡"": [""Yes""], ""Instruction Set"": [""64-bit""], ""Instruction Set Extensions"": [""Intel® SSE4.1, Intel® SSE4.2, Intel® AVX2""], ""Idle States"": [""Yes""], ""Enhanced Intel SpeedStep® Technology"": [""Yes""], ""Thermal Monitoring Technologies"": [""Yes""], ""Intel® Secure Key"": [""Yes""], ""Intel® Total Memory Encryption - Multi Key"": [""Yes""], ""Intel® Total Memory Encryption"": [""Yes""], ""Intel® AES New Instructions"": [""Yes""], ""Intel® OS Guard"": [""Yes""], ""Intel® Trusted Execution Technology ‡"": [""Yes""], ""Execute Disable Bit ‡"": [""Yes""], ""Intel® Boot Guard"": [""Yes""], ""Mode-based Execute Control (MBEC)"": [""Yes""], ""Intel® Virtualization Technology with Redirect Protection (VT-rp) ‡"": [""Yes""], ""Intel® Virtualization Technology (VT-x) ‡"": [""Yes""], ""Intel® Virtualization Technology for Directed I/O (VT-d) ‡"": [""Yes""], ""Intel® VT-x with Extended Page Tables (EPT) ‡"": [""Yes""]}","Intel® Xeon® 6315P Processor (12M Cache, 2.80 GHz) FC-LGA16A, Tray","Q4SZ, SRPLX","CM8071505825301, CM8071506036801",https://www.intel.com/content/www/us/en/products/sku/241603/intel-xeon-6315p-processor-12m-cache-2-80-ghz/specifications.html,Intel
Intel® Xeon® 6745P Processor,Q1'25,32,4.3 GHz,3.1 GHz,336 MB,300 W,processor,Intel® Xeon® 6 processors,Products formerly Granite Rapids,Server,6745P,8,4 TB,DDR5(6400MT/s),6400 MHz,Yes,"{""Product Collection"": [""Intel® Xeon® 6 processors""], ""Code Name"": [""Products formerly Granite Rapids""], ""Vertical Segment"": [""Server""], ""Processor Number"": [""6745P""], ""Lithography"": [""Intel 3""], ""Recommended Customer Price"": [""$5880.00""], ""Total Cores"": [""32""], ""Total Threads"": [""64""], ""Max Turbo Frequency"": [""4.3 GHz""], ""All Core Turbo Frequency"": [""4.1 GHz""], ""Processor Base Frequency"": [""3.1 GHz""], ""Cache"": [""336 MB""], ""Intel® UPI Speed"": [""24 GT/s""], ""Max # of UPI Links"": [""4""], ""TDP"": [""300 W""], ""Intel® Deep Learning Boost (Intel® DL Boost) on CPU"": [""Yes""], ""Marketing Status"": [""Launched""], ""Launch Date"": [""Q1'25""], ""Embedded Options Available"": [""No""], ""Max Memory Size (dependent on memory type)"": [""4 TB""], ""Memory Types"": [""DDR5(6400MT/s)""], ""Maximum Memory Speed"": [""6400 MHz""], ""Max # of Memory Channels"": [""8""], ""ECC Memory Supported ‡"": [""Yes""], ""Scalability"": [""2S""], ""PCI Express Revision"": [""5.0""], ""Max # of PCI Express Lanes"": [""88""], ""Sockets Supported"": [""FCLGA4710""], ""Package Carrier"": [""E2A""], ""DTS Max"": [""101 °C""], ""TCASE"": [""75 °C""], ""Package Size"": [""77.5mm x 56.5 mm""], ""Intel® QuickAssist Technology (QAT)"": [""4 default devices""], ""Intel® Dynamic Load Balancer (DLB)"": [""4 default devices""], ""Intel® Data Streaming Accelerator (DSA)"": [""4 default devices""], ""Intel® In-memory Analytics Accelerator (IAA)"": [""4 default devices""], ""Intel® Advanced Matrix Extensions (AMX)"": [""Yes""], ""Intel® Speed Select Technology – Core Power"": [""Yes""], ""Intel® Speed Select Technology – Turbo Frequency"": [""No""], ""Intel® Speed Select Technology - Performance Profile"": [""Yes""], ""Intel® Speed Select Technology - Base Frequency"": [""No""], ""Intel® Resource Director Technology (Intel® RDT)"": [""Yes""], ""Intel® Speed Shift Technology"": [""Yes""], ""Intel® Turbo Boost Technology ‡"": [""2.0""], ""Intel® Hyper-Threading Technology ‡"": [""Yes""], ""Intel® Transactional Synchronization Extensions"": [""Yes""], ""Intel® 64 ‡"": [""Yes""], ""Instruction Set Extensions"": [""Intel® AMX, Intel® SSE4.2, Intel® AVX, Intel® AVX2, Intel® AVX-512""], ""# of AVX-512 FMA Units"": [""2""], ""Intel® Volume Management Device (VMD)"": [""Yes""], ""Intel® Trust Domain Extensions (Intel® TDX)"": [""Yes""], ""Intel® Secure Key"": [""Yes""], ""Intel® QuickAssist Software Acceleration"": [""Yes""], ""Intel® Control-Flow Enforcement Technology"": [""Yes""], ""Intel® Total Memory Encryption - Multi Key"": [""Yes""], ""Intel® Total Memory Encryption"": [""Yes""], ""Intel® AES New Instructions"": [""Yes""], ""Intel® Software Guard Extensions (Intel® SGX)"": [""Yes""], ""Intel® Trusted Execution Technology ‡"": [""Yes""], ""Execute Disable Bit ‡"": [""Yes""], ""Intel® OS Guard"": [""Yes""], ""Intel® Boot Guard"": [""Yes""], ""Intel® Run Sure Technology"": [""Yes""], ""Mode-based Execute Control (MBEC)"": [""Yes""], ""Intel® Platform Firmware Resilience Support"": [""Yes""], ""Default Maximum Enclave Page Cache (EPC) Size for Intel® SGX"": [""512 GB""], ""Intel® Crypto Acceleration"": [""Yes""], ""Intel® Virtualization Technology (VT-x) ‡"": [""Yes""], ""Intel® Virtualization Technology for Directed I/O (VT-d) ‡"": [""Yes""], ""Intel® VT-x with Extended Page Tables (EPT) ‡"": [""Yes""]}","Intel® Xeon® 6745P processor (336M Cache, 3.10 GHz) FC-LGA18N, Tray","Q7L9, SRWPA","PK8072006417800, PK8072006455200",https://www.intel.com/content/www/us/en/products/sku/243112/intel-xeon-6745p-processor-336m-cache-3-10-ghz/specifications.html,Intel
